θ_0,θ_1,Hours,Salary
692.77,9.99,98.13020739848386,1682.6090714602822
692.77,9.99,99.10714233541923,1692.36627086877
692.77,9.99,100.08407727235459,1702.1234702772579
692.77,9.99,101.06101220928996,1711.8806696857457
692.77,9.99,102.03794714622532,1721.6378690942338
692.77,9.99,103.01488208316069,1731.3950685027216
692.77,9.99,103.99181702009605,1741.1522679112095
692.77,9.99,104.96875195703142,1750.9094673196973
692.77,9.99,105.94568689396678,1760.6666667281854
692.77,9.99,106.92262183090214,1770.4238661366733
692.77,9.99,107.89955676783751,1780.1810655451611
692.77,9.99,108.87649170477287,1789.938264953649
692.77,9.99,109.85342664170824,1799.6954643621368
692.77,9.99,110.8303615786436,1809.452663770625
692.77,9.99,111.80729651557897,1819.2098631791127
692.77,9.99,112.78423145251433,1828.9670625876006
692.77,9.99,113.7611663894497,1838.7242619960884
692.77,9.99,114.73810132638506,1848.4814614045765
692.77,9.99,115.71503626332043,1858.2386608130644
692.77,9.99,116.6919712002558,1867.9958602215522
692.77,9.99,117.66890613719116,1877.75305963004
692.77,9.99,118.64584107412652,1887.5102590385281
692.77,9.99,119.62277601106189,1897.267458447016
692.77,9.99,120.59971094799725,1907.0246578555038
692.77,9.99,121.57664588493262,1916.7818572639917
692.77,9.99,122.55358082186798,1926.5390566724798
692.77,9.99,123.53051575880335,1936.2962560809676
692.77,9.99,124.50745069573871,1946.0534554894555
692.77,9.99,125.48438563267408,1955.8106548979433
692.77,9.99,126.46132056960944,1965.5678543064314
692.77,9.99,127.4382555065448,1975.3250537149195
692.77,9.99,128.41519044348018,1985.0822531234073
692.77,9.99,129.39212538041556,1994.8394525318954
692.77,9.99,130.36906031735094,2004.5966519403835
692.77,9.99,131.34599525428632,2014.3538513488716
692.77,9.99,132.3229301912217,2024.1110507573596
692.77,9.99,133.29986512815708,2033.8682501658477
692.77,9.99,134.27680006509246,2043.6254495743358
692.77,9.99,135.25373500202784,2053.382648982824
692.77,9.99,136.23066993896322,2063.1398483913117
692.77,9.99,137.2076048758986,2072.8970477998
692.77,9.99,138.18453981283398,2082.654247208288
692.77,9.99,139.16147474976935,2092.4114466167757
692.77,9.99,140.13840968670473,2102.168646025264
692.77,9.99,141.1153446236401,2111.925845433752
692.77,9.99,142.0922795605755,2121.68304484224
692.77,9.99,143.06921449751087,2131.440244250728
692.77,9.99,144.04614943444625,2141.1974436592163
692.77,9.99,145.02308437138163,2150.954643067704
692.77,9.99,146.000019308317,2160.7118424761925
692.77,9.99,146.9769542452524,2170.4690418846803
692.77,9.99,147.95388918218777,2180.226241293168
692.77,9.99,148.93082411912314,2189.9834407016565
692.77,9.99,149.90775905605852,2199.7406401101443
692.77,9.99,150.8846939929939,2209.4978395186326
692.77,9.99,151.86162892992928,2219.2550389271205
692.77,9.99,152.83856386686466,2229.012238335609
692.77,9.99,153.81549880380004,2238.7694377440966
692.77,9.99,154.79243374073542,2248.5266371525845
692.77,9.99,155.7693686776708,2258.283836561073
692.77,9.99,156.74630361460618,2268.0410359695607
692.77,9.99,157.72323855154156,2277.798235378049
692.77,9.99,158.70017348847693,2287.555434786537
692.77,9.99,159.6771084254123,2297.312634195025
692.77,9.99,160.6540433623477,2307.069833603513
692.77,9.99,161.63097829928307,2316.827033012001
692.77,9.99,162.60791323621845,2326.584232420489
692.77,9.99,163.58484817315383,2336.341431828977
692.77,9.99,164.5617831100892,2346.0986312374653
692.77,9.99,165.5387180470246,2355.855830645953
692.77,9.99,166.51565298395997,2365.6130300544414
692.77,9.99,167.49258792089535,2375.3702294629293
692.77,9.99,168.46952285783073,2385.127428871417
692.77,9.99,169.4464577947661,2394.8846282799054
692.77,9.99,170.42339273170148,2404.6418276883933
692.77,9.99,171.40032766863686,2414.3990270968816
692.77,9.99,172.37726260557224,2424.1562265053694
692.77,9.99,173.35419754250762,2433.9134259138577
692.77,9.99,174.331132479443,2443.6706253223456
692.77,9.99,175.30806741637838,2453.427824730834
692.77,9.99,176.28500235331376,2463.1850241393217
692.77,9.99,177.26193729024914,2472.9422235478096
692.77,9.99,178.23887222718452,2482.699422956298
692.77,9.99,179.2158071641199,2492.4566223647857
692.77,9.99,180.19274210105527,2502.213821773274
692.77,9.99,181.16967703799065,2511.971021181762
692.77,9.99,182.14661197492603,2521.72822059025
692.77,9.99,183.1235469118614,2531.485419998738
692.77,9.99,184.1004818487968,2541.242619407226
692.77,9.99,185.07741678573217,2550.999818815714
692.77,9.99,186.05435172266755,2560.757018224202
692.77,9.99,187.03128665960293,2570.5142176326904
692.77,9.99,188.0082215965383,2580.271417041178
692.77,9.99,188.98515653347368,2590.0286164496665
692.77,9.99,189.96209147040906,2599.7858158581544
692.77,9.99,190.93902640734444,2609.543015266642
692.77,9.99,191.91596134427982,2619.3002146751305
692.77,9.99,192.8928962812152,2629.0574140836184
692.77,9.99,193.86983121815058,2638.8146134921067
692.77,9.99,194.84676615508596,2648.5718129005945
692.77,9.99,195.82370109202134,2658.329012309083
692.77,9.99,196.80063602895672,2668.0862117175707
692.77,9.99,197.7775709658921,2677.843411126059
692.77,9.99,198.75450590282747,2687.600610534547
692.77,9.99,199.73144083976285,2697.3578099430347
692.77,9.99,200.70837577669823,2707.115009351523
692.77,9.99,201.6853107136336,2716.872208760011
692.77,9.99,202.662245650569,2726.629408168499
692.77,9.99,203.63918058750437,2736.386607576987
692.77,9.99,204.61611552443975,2746.1438069854753
692.77,9.99,205.59305046137513,2755.901006393963
692.77,9.99,206.5699853983105,2765.658205802451
692.77,9.99,207.5469203352459,2775.4154052109393
692.77,9.99,208.52385527218127,2785.172604619427
692.77,9.99,209.50079020911664,2794.9298040279155
692.77,9.99,210.47772514605202,2804.6870034364033
692.77,9.99,211.4546600829874,2814.4442028448916
692.77,9.99,212.43159501992278,2824.2014022533795
692.77,9.99,213.40852995685816,2833.9586016618673
692.77,9.99,214.38546489379354,2843.7158010703556
692.77,9.99,215.36239983072892,2853.4730004788435
692.77,9.99,216.3393347676643,2863.2301998873318
692.77,9.99,217.31626970459968,2872.9873992958196
692.77,9.99,218.29320464153506,2882.744598704308
692.77,9.99,219.27013957847043,2892.5017981127958
692.77,9.99,220.2470745154058,2902.258997521284
692.77,9.99,221.2240094523412,2912.016196929772
692.77,9.99,222.20094438927657,2921.7733963382598
692.77,9.99,223.17787932621195,2931.530595746748
692.77,9.99,224.15481426314733,2941.287795155236
692.77,9.99,225.1317492000827,2951.0449945637242
692.77,9.99,226.1086841370181,2960.802193972212
692.77,9.99,227.08561907395347,2970.5593933807004
692.77,9.99,228.06255401088885,2980.3165927891882
692.77,9.99,229.03948894782422,2990.073792197676
692.77,9.99,230.0164238847596,2999.8309916061644
692.77,9.99,230.99335882169498,3009.5881910146522
692.77,9.99,231.97029375863036,3019.3453904231405
692.77,9.99,232.94722869556574,3029.1025898316284
692.77,9.99,233.92416363250112,3038.8597892401167
692.77,9.99,234.9010985694365,3048.6169886486045
692.77,9.99,235.87803350637188,3058.3741880570924
692.77,9.99,236.85496844330726,3068.1313874655807
692.77,9.99,237.83190338024264,3077.8885868740686
692.77,9.99,238.80883831717802,3087.645786282557
692.77,9.99,239.7857732541134,3097.4029856910447
692.77,9.99,240.76270819104877,3107.160185099533
692.77,9.99,241.73964312798415,3116.917384508021
692.77,9.99,242.71657806491953,3126.674583916509
692.77,9.99,243.6935130018549,3136.431783324997
692.77,9.99,244.6704479387903,3146.188982733485
692.77,9.99,245.64738287572567,3155.946182141973
692.77,9.99,246.62431781266105,3165.703381550461
692.77,9.99,247.60125274959643,3175.4605809589493
692.77,9.99,248.5781876865318,3185.217780367437
692.77,9.99,249.55512262346718,3194.9749797759255
692.77,9.99,250.53205756040256,3204.7321791844133
692.77,9.99,251.50899249733794,3214.489378592901
692.77,9.99,252.48592743427332,3224.2465780013895
692.77,9.99,253.4628623712087,3234.0037774098773
692.77,9.99,254.43979730814408,3243.7609768183656
692.77,9.99,255.41673224507946,3253.5181762268535
692.77,9.99,256.39366718201484,3263.275375635342
692.77,9.99,257.3706021189502,3273.0325750438296
692.77,9.99,258.3475370558856,3282.7897744523175
692.77,9.99,259.324471992821,3292.546973860806
692.77,9.99,260.30140692975635,3302.3041732692936
692.77,9.99,261.27834186669173,3312.061372677782
692.77,9.99,262.2552768036271,3321.81857208627
692.77,9.99,263.2322117405625,3331.575771494758
692.77,9.99,264.20914667749787,3341.332970903246
692.77,9.99,265.18608161443325,3351.0901703117343
692.77,9.99,266.1630165513686,3360.847369720222
692.77,9.99,267.139951488304,3370.60456912871
692.77,9.99,268.1168864252394,3380.3617685371983
692.77,9.99,269.09382136217476,3390.118967945686
692.77,9.99,270.07075629911014,3399.8761673541744
692.77,9.99,271.0476912360455,3409.6333667626623
692.77,9.99,272.0246261729809,3419.3905661711506
692.77,9.99,273.0015611099163,3429.1477655796384
692.77,9.99,273.97849604685166,3438.9049649881263
692.77,9.99,274.95543098378704,3448.6621643966146
692.77,9.99,275.9323659207224,3458.4193638051024
692.77,9.99,276.9093008576578,3468.1765632135907
692.77,9.99,277.8862357945932,3477.9337626220786
692.77,9.99,278.86317073152856,3487.690962030567
692.77,9.99,279.84010566846393,3497.4481614390547
692.77,9.99,280.8170406053993,3507.2053608475426
692.77,9.99,281.7939755423347,3516.962560256031
692.77,9.99,282.77091047927007,3526.7197596645187
692.77,9.99,283.74784541620545,3536.476959073007
692.77,9.99,284.72478035314083,3546.234158481495
692.77,9.99,285.7017152900762,3555.991357889983
692.77,9.99,286.6786502270116,3565.748557298471
692.77,9.99,287.65558516394697,3575.5057567069593
692.77,9.99,288.63252010088235,3585.262956115447
692.77,9.99,289.6094550378177,3595.020155523935
692.77,9.99,290.5863899747531,3604.7773549324233
692.77,9.99,291.5633249116885,3614.534554340911
692.77,9.99,292.54025984862386,3624.2917537493995
692.77,9.99,293.51719478555924,3634.0489531578874
692.77,9.99,294.4941297224946,3643.8061525663757
692.77,9.99,295.47106465943,3653.5633519748635
692.77,9.99,296.4479995963654,3663.3205513833514
692.77,9.99,297.42493453330076,3673.0777507918397
692.77,9.99,298.40186947023614,3682.8349502003275
692.77,9.99,299.3788044071715,3692.592149608816
692.77,9.99,300.3557393441069,3702.3493490173037
692.77,9.99,301.3326742810423,3712.106548425792
692.77,9.99,302.30960921797765,3721.86374783428
692.77,9.99,303.28654415491303,3731.6209472427677
692.77,9.99,304.2634790918484,3741.378146651256
692.77,9.99,305.2404140287838,3751.135346059744
692.77,9.99,306.21734896571917,3760.892545468232
692.77,9.99,307.19428390265455,3770.64974487672
692.77,9.99,308.1712188395899,3780.4069442852083
692.77,9.99,309.1481537765253,3790.164143693696
692.77,9.99,310.1250887134607,3799.921343102184
692.77,9.99,311.10202365039606,3809.6785425106723
692.77,9.99,312.07895858733144,3819.43574191916
692.77,9.99,313.0558935242668,3829.1929413276484
692.77,9.99,314.0328284612022,3838.9501407361363
692.77,9.99,315.0097633981376,3848.7073401446246
692.77,9.99,315.98669833507296,3858.4645395531124
692.77,9.99,316.96363327200834,3868.2217389616007
692.77,9.99,317.9405682089437,3877.9789383700886
692.77,9.99,318.9175031458791,3887.7361377785764
692.77,9.99,319.8944380828145,3897.4933371870648
692.77,9.99,320.87137301974985,3907.2505365955526
692.77,9.99,321.84830795668523,3917.007736004041
692.77,9.99,322.8252428936206,3926.7649354125288
692.77,9.99,323.802177830556,3936.522134821017
692.77,9.99,324.77911276749137,3946.279334229505
692.77,9.99,325.75604770442675,3956.0365336379928
692.77,9.99,326.7329826413621,3965.793733046481
692.77,9.99,327.7099175782975,3975.550932454969
692.77,9.99,328.6868525152329,3985.308131863457
692.77,9.99,329.66378745216826,3995.065331271945
692.77,9.99,330.64072238910364,4004.8225306804334
692.77,9.99,331.617657326039,4014.579730088921
692.77,9.99,332.5945922629744,4024.336929497409
692.77,9.99,333.5715271999098,4034.0941289058974
692.77,9.99,334.54846213684516,4043.8513283143852
692.77,9.99,335.52539707378054,4053.6085277228735
692.77,9.99,336.5023320107159,4063.3657271313614
692.77,9.99,337.4792669476513,4073.1229265398497
692.77,9.99,338.4562018845867,4082.8801259483375
692.77,9.99,339.43313682152206,4092.637325356826
692.77,9.99,340.41007175845743,4102.394524765314
692.77,9.99,341.3870066953928,4112.151724173802
692.77,9.99,342.3639416323282,4121.908923582289
692.77,9.99,343.34087656926357,4131.666122990778
692.77,9.99,344.31781150619895,4141.423322399266
692.77,9.99,345.29474644313433,4151.180521807754
692.77,9.99,346.2716813800697,4160.937721216242
692.77,9.99,347.2486163170051,4170.69492062473
692.77,9.99,348.22555125394047,4180.452120033218
692.77,9.99,349.20248619087585,4190.209319441706
692.77,9.99,350.1794211278112,4199.966518850194
692.77,9.99,351.1563560647466,4209.723718258682
692.77,9.99,352.133291001682,4219.480917667171
692.77,9.99,353.11022593861736,4229.238117075658
692.77,9.99,354.08716087555274,4238.995316484146
692.77,9.99,355.0640958124881,4248.752515892635
692.77,9.99,356.0410307494235,4258.509715301122
692.77,9.99,357.0179656863589,4268.26691470961
692.77,9.99,357.99490062329426,4278.024114118099
692.77,9.99,358.97183556022964,4287.781313526587
692.77,9.99,359.948770497165,4297.538512935074
692.77,9.99,360.9257054341004,4307.295712343563
692.77,9.99,361.9026403710358,4317.052911752051
692.77,9.99,362.87957530797115,4326.810111160538
692.77,9.99,363.85651024490653,4336.567310569027
692.77,9.99,364.8334451818419,4346.324509977515
692.77,9.99,365.8103801187773,4356.081709386003
692.77,9.99,366.78731505571267,4365.838908794491
692.77,9.99,367.76424999264805,4375.596108202979
692.77,9.99,368.7411849295834,4385.353307611467
692.77,9.99,369.7181198665188,4395.110507019955
692.77,9.99,370.6950548034542,4404.867706428443
692.77,9.99,371.67198974038956,4414.624905836931
692.77,9.99,372.64892467732494,4424.38210524542
692.77,9.99,373.6258596142603,4434.139304653907
692.77,9.99,374.6027945511957,4443.896504062395
692.77,9.99,375.5797294881311,4453.653703470884
692.77,9.99,376.55666442506646,4463.410902879372
692.77,9.99,377.53359936200184,4473.168102287859
692.77,9.99,378.5105342989372,4482.925301696348
692.77,9.99,379.4874692358726,4492.682501104836
692.77,9.99,380.464404172808,4502.439700513323
692.77,9.99,381.44133910974335,4512.196899921812
692.77,9.99,382.41827404667873,4521.9540993303
692.77,9.99,383.3952089836141,4531.711298738788
692.77,9.99,384.3721439205495,4541.468498147276
692.77,9.99,385.34907885748487,4551.225697555764
692.77,9.99,386.32601379442025,4560.982896964252
692.77,9.99,387.3029487313556,4570.74009637274
692.77,9.99,388.279883668291,4580.497295781228
692.77,9.99,389.2568186052264,4590.254495189716
692.77,9.99,390.23375354216176,4600.0116945982045
692.77,9.99,391.21068847909714,4609.768894006692
692.77,9.99,392.1876234160325,4619.52609341518
692.77,9.99,393.1645583529679,4629.2832928236685
692.77,9.99,394.1414932899033,4639.040492232156
692.77,9.99,395.11842822683866,4648.797691640644
692.77,9.99,396.09536316377404,4658.5548910491325
692.77,9.99,397.0722981007094,4668.312090457621
692.77,9.99,398.0492330376448,4678.069289866108
692.77,9.99,399.0261679745802,4687.8264892745965
692.77,9.99,400.00310291151555,4697.583688683085
692.77,9.99,400.98003784845093,4707.340888091572
692.77,9.99,401.9569727853863,4717.0980875000605
692.77,9.99,402.9339077223217,4726.855286908549
692.77,9.99,403.91084265925707,4736.612486317037
692.77,9.99,404.88777759619245,4746.3696857255245
692.77,9.99,405.86471253312783,4756.126885134013
692.77,9.99,406.8416474700632,4765.884084542501
692.77,9.99,407.8185824069986,4775.6412839509885
692.77,9.99,408.79551734393397,4785.398483359477
692.77,9.99,409.77245228086935,4795.155682767965
692.77,9.99,410.7493872178047,4804.912882176453
692.77,9.99,411.7263221547401,4814.670081584941
692.77,9.99,412.7032570916755,4824.427280993429
692.77,9.99,413.68019202861086,4834.184480401917
692.77,9.99,414.65712696554624,4843.941679810405
692.77,9.99,415.6340619024816,4853.698879218893
692.77,9.99,416.610996839417,4863.456078627381
692.77,9.99,417.5879317763524,4873.21327803587
692.77,9.99,418.56486671328776,4882.970477444357
692.77,9.99,419.54180165022314,4892.727676852845
692.77,9.99,420.5187365871585,4902.484876261334
692.77,9.99,421.4956715240939,4912.242075669822
692.77,9.99,422.4726064610293,4921.999275078309
692.77,9.99,423.44954139796465,4931.756474486798
692.77,9.99,424.42647633490003,4941.513673895286
692.77,9.99,425.4034112718354,4951.270873303773
692.77,9.99,426.3803462087708,4961.028072712262
692.77,9.99,427.35728114570617,4970.78527212075
692.77,9.99,428.33421608264155,4980.542471529238
692.77,9.99,429.3111510195769,4990.299670937726
692.77,9.99,430.2880859565123,5000.056870346214
692.77,9.99,431.2650208934477,5009.814069754702
692.77,9.99,432.24195583038306,5019.57126916319
692.77,9.99,433.21889076731844,5029.328468571678
692.77,9.99,434.1958257042538,5039.085667980166
692.77,9.99,435.1727606411892,5048.842867388655
692.77,9.99,436.1496955781246,5058.600066797142
692.77,9.99,437.12663051505996,5068.35726620563
692.77,9.99,438.10356545199534,5078.114465614119
692.77,9.99,439.0805003889307,5087.871665022606
692.77,9.99,440.0574353258661,5097.628864431094
692.77,9.99,441.0343702628015,5107.386063839583
692.77,9.99,442.01130519973685,5117.143263248071
692.77,9.99,442.98824013667223,5126.900462656558
692.77,9.99,443.9651750736076,5136.657662065047
692.77,9.99,444.942110010543,5146.414861473535
692.77,9.99,445.91904494747837,5156.172060882022
692.77,9.99,446.89597988441375,5165.929260290511
692.77,9.99,447.8729148213491,5175.686459698999
692.77,9.99,448.8498497582845,5185.443659107487
692.77,9.99,449.8267846952199,5195.200858515975
692.77,9.99,450.80371963215526,5204.958057924463
692.77,9.99,451.78065456909064,5214.715257332951
692.77,9.99,452.757589506026,5224.472456741439
692.77,9.99,453.7345244429614,5234.229656149927
692.77,9.99,454.7114593798968,5243.986855558415
692.77,9.99,455.68839431683216,5253.744054966904
692.77,9.99,456.66532925376754,5263.501254375391
692.77,9.99,457.6422641907029,5273.258453783879
692.77,9.99,458.6191991276383,5283.015653192368
692.77,9.99,459.5961340645737,5292.772852600855
692.77,9.99,460.57306900150905,5302.530052009343
692.77,9.99,461.55000393844443,5312.287251417832
692.77,9.99,462.5269388753798,5322.04445082632
692.77,9.99,463.5038738123152,5331.801650234807
692.77,9.99,464.48080874925057,5341.558849643296
692.77,9.99,465.45774368618595,5351.316049051784
692.77,9.99,466.43467862312133,5361.073248460272
692.77,9.99,467.4116135600567,5370.83044786876
692.77,9.99,468.3885484969921,5380.587647277248
692.77,9.99,469.36548343392747,5390.344846685736
692.77,9.99,470.34241837086284,5400.102046094224
692.77,9.99,471.3193533077982,5409.859245502712
692.77,9.99,472.2962882447336,5419.6164449112
692.77,9.99,473.273223181669,5429.3736443196885
692.77,9.99,474.25015811860436,5439.130843728176
692.77,9.99,475.22709305553974,5448.888043136664
692.77,9.99,476.2040279924751,5458.6452425451525
692.77,9.99,477.1809629294105,5468.40244195364
692.77,9.99,478.1578978663459,5478.159641362128
692.77,9.99,479.13483280328126,5487.916840770617
692.77,9.99,480.11176774021664,5497.674040179105
692.77,9.99,481.088702677152,5507.431239587592
692.77,9.99,482.0656376140874,5517.188438996081
692.77,9.99,483.0425725510228,5526.945638404569
692.77,9.99,484.01950748795815,5536.702837813056
692.77,9.99,484.99644242489353,5546.460037221545
692.77,9.99,485.9733773618289,5556.217236630033
692.77,9.99,486.9503122987643,5565.974436038521
692.77,9.99,487.92724723569967,5575.731635447009
692.77,9.99,488.90418217263505,5585.488834855497
692.77,9.99,489.8811171095704,5595.246034263985
692.77,9.99,490.8580520465058,5605.003233672473
692.77,9.99,491.8349869834412,5614.760433080961
692.77,9.99,492.81192192037656,5624.517632489449
692.77,9.99,493.78885685731194,5634.2748318979375
692.77,9.99,494.7657917942473,5644.032031306425
692.77,9.99,495.7427267311827,5653.789230714913
692.77,9.99,496.7196616681181,5663.5464301234015
692.77,9.99,497.69659660505346,5673.303629531889
692.77,9.99,498.67353154198884,5683.060828940377
692.77,9.99,499.6504664789242,5692.8180283488655
692.77,9.99,500.6274014158596,5702.575227757354
692.77,9.99,501.604336352795,5712.332427165841
692.77,9.99,502.58127128973035,5722.0896265743295
692.77,9.99,503.55820622666573,5731.846825982818
692.77,9.99,504.5351411636011,5741.604025391305
692.77,9.99,505.5120761005365,5751.3612247997935
692.77,9.99,506.48901103747187,5761.118424208282
692.77,9.99,507.46594597440725,5770.87562361677
692.77,9.99,508.4428809113426,5780.6328230252575
692.77,9.99,509.419815848278,5790.390022433746
692.77,9.99,510.3967507852134,5800.147221842234
692.77,9.99,511.37368572214876,5809.9044212507215
692.77,9.99,512.3506206590841,5819.66162065921
692.77,9.99,513.3275555960195,5829.418820067697
692.77,9.99,514.3044905329548,5839.176019476185
692.77,9.99,515.2814254698901,5848.933218884672
692.77,9.99,516.2583604068254,5858.690418293159
692.77,9.99,517.2352953437608,5868.447617701647
692.77,9.99,518.2122302806961,5878.204817110134
692.77,9.99,519.1891652176314,5887.962016518622
692.77,9.99,520.1661001545667,5897.719215927109
692.77,9.99,521.143035091502,5907.476415335596
692.77,9.99,522.1199700284374,5917.233614744085
692.77,9.99,523.0969049653727,5926.990814152572
692.77,9.99,524.073839902308,5936.748013561059
692.77,9.99,525.0507748392433,5946.505212969547
692.77,9.99,526.0277097761787,5956.262412378034
692.77,9.99,527.004644713114,5966.019611786522
692.77,9.99,527.9815796500493,5975.776811195009
692.77,9.99,528.9585145869846,5985.534010603496
692.77,9.99,529.9354495239199,5995.291210011984
692.77,9.99,530.9123844608553,6005.048409420471
692.77,9.99,531.8893193977906,6014.805608828959
692.77,9.99,532.8662543347259,6024.562808237447
692.77,9.99,533.8431892716612,6034.320007645934
692.77,9.99,534.8201242085966,6044.077207054422
692.77,9.99,535.7970591455319,6053.834406462909
692.77,9.99,536.7739940824672,6063.5916058713965
692.77,9.99,537.7509290194025,6073.348805279884
692.77,9.99,538.7278639563378,6083.106004688371
692.77,9.99,539.7047988932732,6092.863204096859
692.77,9.99,540.6817338302085,6102.620403505346
692.77,9.99,541.6586687671438,6112.3776029138335
692.77,9.99,542.6356037040791,6122.134802322321
692.77,9.99,543.6125386410145,6131.892001730809
692.77,9.99,544.5894735779498,6141.649201139297
692.77,9.99,545.5664085148851,6151.406400547784
692.77,9.99,546.5433434518204,6161.163599956271
692.77,9.99,547.5202783887557,6170.920799364759
692.77,9.99,548.4972133256911,6180.677998773246
692.77,9.99,549.4741482626264,6190.4351981817335
692.77,9.99,550.4510831995617,6200.192397590221
692.77,9.99,551.428018136497,6209.949596998708
692.77,9.99,552.4049530734324,6219.706796407196
692.77,9.99,553.3818880103677,6229.463995815683
692.77,9.99,554.358822947303,6239.221195224171
692.77,9.99,555.3357578842383,6248.978394632659
692.77,9.99,556.3126928211736,6258.735594041146
692.77,9.99,557.289627758109,6268.492793449634
692.77,9.99,558.2665626950443,6278.249992858121
692.77,9.99,559.2434976319796,6288.007192266608
692.77,9.99,560.2204325689149,6297.764391675096
692.77,9.99,561.1973675058503,6307.521591083583
692.77,9.99,562.1743024427856,6317.278790492071
692.77,9.99,563.1512373797209,6327.035989900558
692.77,9.99,564.1281723166562,6336.793189309046
692.77,9.99,565.1051072535915,6346.550388717534
692.77,9.99,566.0820421905269,6356.307588126021
692.77,9.99,567.0589771274622,6366.0647875345085
692.77,9.99,568.0359120643975,6375.821986942996
692.77,9.99,569.0128470013328,6385.579186351483
692.77,9.99,569.9897819382682,6395.336385759971
692.77,9.99,570.9667168752035,6405.093585168458
692.77,9.99,571.9436518121388,6414.850784576945
692.77,9.99,572.9205867490741,6424.607983985433
692.77,9.99,573.8975216860094,6434.36518339392
692.77,9.99,574.8744566229448,6444.1223828024085
692.77,9.99,575.8513915598801,6453.879582210896
692.77,9.99,576.8283264968154,6463.636781619383
692.77,9.99,577.8052614337507,6473.393981027871
692.77,9.99,578.782196370686,6483.151180436358
692.77,9.99,579.7591313076214,6492.9083798448455
692.77,9.99,580.7360662445567,6502.665579253333
692.77,9.99,581.713001181492,6512.42277866182
692.77,9.99,582.6899361184273,6522.179978070308
692.77,9.99,583.6668710553627,6531.937177478795
692.77,9.99,584.643805992298,6541.6943768872825
692.77,9.99,585.6207409292333,6551.451576295771
692.77,9.99,586.5976758661686,6561.208775704258
692.77,9.99,587.574610803104,6570.965975112746
692.77,9.99,588.5515457400393,6580.723174521233
692.77,9.99,589.5284806769746,6590.48037392972
692.77,9.99,590.5054156139099,6600.237573338208
692.77,9.99,591.4823505508452,6609.994772746695
692.77,9.99,592.4592854877806,6619.751972155183
692.77,9.99,593.4362204247159,6629.50917156367
692.77,9.99,594.4131553616512,6639.266370972157
692.77,9.99,595.3900902985865,6649.023570380645
692.77,9.99,596.3670252355219,6658.780769789133
692.77,9.99,597.3439601724572,6668.53796919762
692.77,9.99,598.3208951093925,6678.295168606108
692.77,9.99,599.2978300463278,6688.052368014595
692.77,9.99,600.2747649832631,6697.809567423083
692.77,9.99,601.2516999201985,6707.56676683157
692.77,9.99,602.2286348571338,6717.323966240057
692.77,9.99,603.2055697940691,6727.081165648545
692.77,9.99,604.1825047310044,6736.838365057032
692.77,9.99,605.1594396679398,6746.59556446552
692.77,9.99,606.1363746048751,6756.352763874008
692.77,9.99,607.1133095418104,6766.109963282495
692.77,9.99,608.0902444787457,6775.867162690983
692.77,9.99,609.067179415681,6785.62436209947
692.77,9.99,610.0441143526164,6795.3815615079575
692.77,9.99,611.0210492895517,6805.138760916445
692.77,9.99,611.997984226487,6814.895960324932
692.77,9.99,612.9749191634223,6824.65315973342
692.77,9.99,613.9518541003577,6834.410359141907
692.77,9.99,614.928789037293,6844.1675585503945
692.77,9.99,615.9057239742283,6853.924757958882
692.77,9.99,616.8826589111636,6863.68195736737
692.77,9.99,617.8595938480989,6873.439156775858
692.77,9.99,618.8365287850343,6883.196356184345
692.77,9.99,619.8134637219696,6892.953555592832
692.77,9.99,620.7903986589049,6902.71075500132
692.77,9.99,621.7673335958402,6912.467954409807
692.77,9.99,622.7442685327755,6922.2251538182945
692.77,9.99,623.7212034697109,6931.982353226782
692.77,9.99,624.6981384066462,6941.739552635269
692.77,9.99,625.6750733435815,6951.496752043757
692.77,9.99,626.6520082805168,6961.253951452244
692.77,9.99,627.6289432174522,6971.011150860732
692.77,9.99,628.6058781543875,6980.76835026922
692.77,9.99,629.5828130913228,6990.525549677707
692.77,9.99,630.5597480282581,7000.282749086195
692.77,9.99,631.5366829651934,7010.039948494682
692.77,9.99,632.5136179021288,7019.797147903169
692.77,9.99,633.4905528390641,7029.554347311657
692.77,9.99,634.4674877759994,7039.311546720144
692.77,9.99,635.4444227129347,7049.068746128632
692.77,9.99,636.4213576498701,7058.825945537119
692.77,9.99,637.3982925868054,7068.583144945606
692.77,9.99,638.3752275237407,7078.340344354095
692.77,9.99,639.352162460676,7088.097543762582
692.77,9.99,640.3290973976113,7097.8547431710695
692.77,9.99,641.3060323345467,7107.611942579557
692.77,9.99,642.282967271482,7117.369141988044
692.77,9.99,643.2599022084173,7127.126341396532
692.77,9.99,644.2368371453526,7136.883540805019
692.77,9.99,645.213772082288,7146.640740213506
692.77,9.99,646.1907070192233,7156.397939621994
692.77,9.99,647.1676419561586,7166.155139030481
692.77,9.99,648.1445768930939,7175.9123384389695
692.77,9.99,649.1215118300292,7185.669537847457
692.77,9.99,650.0984467669646,7195.426737255944
692.77,9.99,651.0753817038999,7205.183936664432
692.77,9.99,652.0523166408352,7214.941136072919
692.77,9.99,653.0292515777705,7224.6983354814065
692.77,9.99,654.0061865147059,7234.455534889894
692.77,9.99,654.9831214516412,7244.212734298381
692.77,9.99,655.9600563885765,7253.969933706869
692.77,9.99,656.9369913255118,7263.727133115356
692.77,9.99,657.9139262624471,7273.4843325238435
692.77,9.99,658.8908611993825,7283.241531932332
692.77,9.99,659.8677961363178,7292.998731340819
692.77,9.99,660.8447310732531,7302.755930749307
692.77,9.99,661.8216660101884,7312.513130157794
692.77,9.99,662.7986009471238,7322.270329566281
692.77,9.99,663.7755358840591,7332.027528974769
692.77,9.99,664.7524708209944,7341.784728383256
692.77,9.99,665.7294057579297,7351.541927791744
692.77,9.99,666.706340694865,7361.299127200231
692.77,9.99,667.6832756318004,7371.056326608718
692.77,9.99,668.6602105687357,7380.813526017206
692.77,9.99,669.637145505671,7390.570725425694
692.77,9.99,670.6140804426063,7400.327924834181
692.77,9.99,671.5910153795417,7410.085124242669
692.77,9.99,672.567950316477,7419.842323651156
692.77,9.99,673.5448852534123,7429.599523059644
692.77,9.99,674.5218201903476,7439.356722468131
692.77,9.99,675.498755127283,7449.113921876618
692.77,9.99,676.4756900642183,7458.871121285106
692.77,9.99,677.4526250011536,7468.628320693593
692.77,9.99,678.4295599380889,7478.385520102081
692.77,9.99,679.4064948750242,7488.142719510568
692.77,9.99,680.3834298119596,7497.899918919056
692.77,9.99,681.3603647488949,7507.657118327544
692.77,9.99,682.3372996858302,7517.414317736031
692.77,9.99,683.3142346227655,7527.1715171445185
692.77,9.99,684.2911695597008,7536.928716553006
692.77,9.99,685.2681044966362,7546.685915961493
692.77,9.99,686.2450394335715,7556.443115369981
692.77,9.99,687.2219743705068,7566.200314778468
692.77,9.99,688.1989093074421,7575.957514186955
692.77,9.99,689.1758442443775,7585.714713595443
692.77,9.99,690.1527791813128,7595.471913003931
692.77,9.99,691.1297141182481,7605.2291124124185
692.77,9.99,692.1066490551834,7614.986311820906
692.77,9.99,693.0835839921187,7624.743511229393
692.77,9.99,694.0605189290541,7634.500710637881
692.77,9.99,695.0374538659894,7644.257910046368
692.77,9.99,696.0143888029247,7654.0151094548555
692.77,9.99,696.99132373986,7663.772308863343
692.77,9.99,697.9682586767954,7673.52950827183
692.77,9.99,698.9451936137307,7683.286707680318
692.77,9.99,699.922128550666,7693.043907088805
692.77,9.99,700.8990634876013,7702.801106497293
692.77,9.99,701.8759984245366,7712.558305905781
692.77,9.99,702.852933361472,7722.315505314268
692.77,9.99,703.8298682984073,7732.072704722756
692.77,9.99,704.8068032353426,7741.829904131243
692.77,9.99,705.7837381722779,7751.58710353973
692.77,9.99,706.7606731092133,7761.344302948218
692.77,9.99,707.7376080461486,7771.101502356705
692.77,9.99,708.7145429830839,7780.858701765193
692.77,9.99,709.6914779200192,7790.61590117368
692.77,9.99,710.6684128569545,7800.373100582167
692.77,9.99,711.6453477938899,7810.130299990656
692.77,9.99,712.6222827308252,7819.887499399143
692.77,9.99,713.5992176677605,7829.64469880763
692.77,9.99,714.5761526046958,7839.401898216118
692.77,9.99,715.5530875416312,7849.159097624605
692.77,9.99,716.5300224785665,7858.916297033093
692.77,9.99,717.5069574155018,7868.67349644158
692.77,9.99,718.4838923524371,7878.430695850067
692.77,9.99,719.4608272893724,7888.187895258555
692.77,9.99,720.4377622263078,7897.945094667042
692.77,9.99,721.4146971632431,7907.70229407553
692.77,9.99,722.3916321001784,7917.459493484018
692.77,9.99,723.3685670371137,7927.216692892505
692.77,9.99,724.3455019740491,7936.973892300993
692.77,9.99,725.3224369109844,7946.73109170948
692.77,9.99,726.2993718479197,7956.4882911179675
692.77,9.99,727.276306784855,7966.245490526455
692.77,9.99,728.2532417217903,7976.002689934942
692.77,9.99,729.2301766587257,7985.75988934343
692.77,9.99,730.207111595661,7995.517088751917
692.77,9.99,731.1840465325963,8005.2742881604045
692.77,9.99,732.1609814695316,8015.031487568893
692.77,9.99,733.137916406467,8024.78868697738
692.77,9.99,734.1148513434023,8034.545886385868
692.77,9.99,735.0917862803376,8044.303085794355
692.77,9.99,736.0687212172729,8054.060285202842
692.77,9.99,737.0456561542082,8063.81748461133
692.77,9.99,738.0225910911436,8073.574684019817
692.77,9.99,738.9995260280789,8083.3318834283045
692.77,9.99,739.9764609650142,8093.089082836792
692.77,9.99,740.9533959019495,8102.846282245279
692.77,9.99,741.9303308388849,8112.603481653767
692.77,9.99,742.9072657758202,8122.360681062255
692.77,9.99,743.8842007127555,8132.117880470742
692.77,9.99,744.8611356496908,8141.87507987923
692.77,9.99,745.8380705866261,8151.632279287717
692.77,9.99,746.8150055235615,8161.389478696205
692.77,9.99,747.7919404604968,8171.146678104692
692.77,9.99,748.7688753974321,8180.903877513179
692.77,9.99,749.7458103343674,8190.661076921667
692.77,9.99,750.7227452713028,8200.418276330154
692.77,9.99,751.6996802082381,8210.175475738642
692.77,9.99,752.6766151451734,8219.932675147129
692.77,9.99,753.6535500821087,8229.689874555617
692.77,9.99,754.630485019044,8239.447073964104
692.77,9.99,755.6074199559794,8249.204273372592
692.77,9.99,756.5843548929147,8258.961472781079
692.77,9.99,757.56128982985,8268.718672189567
692.77,9.99,758.5382247667853,8278.475871598055
692.77,9.99,759.5151597037207,8288.233071006542
692.77,9.99,760.492094640656,8297.99027041503
692.77,9.99,761.4690295775913,8307.747469823516
692.77,9.99,762.4459645145266,8317.504669232005
692.77,9.99,763.422899451462,8327.261868640491
692.77,9.99,764.3998343883973,8337.01906804898
692.77,9.99,765.3767693253326,8346.776267457466
692.77,9.99,766.3537042622679,8356.533466865954
692.77,9.99,767.3306391992032,8366.29066627444
692.77,9.99,768.3075741361386,8376.04786568293
692.77,9.99,769.2845090730739,8385.805065091417
692.77,9.99,770.2614440100092,8395.562264499904
692.77,9.99,771.2383789469445,8405.319463908392
692.77,9.99,772.2153138838798,8415.076663316879
692.77,9.99,773.1922488208152,8424.833862725367
692.77,9.99,774.1691837577505,8434.591062133853
692.77,9.99,775.1461186946858,8444.348261542342
692.77,9.99,776.1230536316211,8454.105460950828
692.77,9.99,777.0999885685565,8463.862660359317
692.77,9.99,778.0769235054918,8473.619859767803
692.77,9.99,779.0538584424271,8483.377059176291
692.77,9.99,780.0307933793624,8493.13425858478
692.77,9.99,781.0077283162977,8502.891457993266
692.77,9.99,781.9846632532331,8512.648657401754
692.77,9.99,782.9615981901684,8522.405856810241
692.77,9.99,783.9385331271037,8532.16305621873
692.77,9.99,784.915468064039,8541.920255627216
692.77,9.99,785.8924030009744,8551.677455035704
692.77,9.99,786.8693379379097,8561.43465444419
692.77,9.99,787.846272874845,8571.191853852679
692.77,9.99,788.8232078117803,8580.949053261165
692.77,9.99,789.8001427487156,8590.706252669654
692.77,9.99,790.777077685651,8600.463452078142
692.77,9.99,791.7540126225863,8610.220651486628
692.77,9.99,792.7309475595216,8619.977850895117
692.77,9.99,793.7078824964569,8629.735050303603
692.77,9.99,794.6848174333923,8639.492249712092
692.77,9.99,795.6617523703276,8649.249449120578
692.77,9.99,796.6386873072629,8659.006648529066
692.77,9.99,797.6156222441982,8668.763847937553
692.77,9.99,798.5925571811335,8678.521047346041
692.77,9.99,799.5694921180689,8688.278246754528
692.77,9.99,800.5464270550042,8698.035446163016
692.77,9.99,801.5233619919395,8707.792645571504
692.77,9.99,802.5002969288748,8717.54984497999
692.77,9.99,803.4772318658102,8727.307044388479
692.77,9.99,804.4541668027455,8737.064243796965
692.77,9.99,805.4311017396808,8746.821443205454
692.77,9.99,806.4080366766161,8756.57864261394
692.77,9.99,807.3849716135514,8766.335842022429
692.77,9.99,808.3619065504868,8776.093041430915
692.77,9.99,809.3388414874221,8785.850240839403
692.77,9.99,810.3157764243574,8795.60744024789
692.77,9.99,811.2927113612927,8805.364639656378
692.77,9.99,812.269646298228,8815.121839064866
692.77,9.99,813.2465812351634,8824.879038473353
692.77,9.99,814.2235161720987,8834.636237881841
692.77,9.99,815.200451109034,8844.393437290328
692.77,9.99,816.1773860459693,8854.150636698816
692.77,9.99,817.1543209829047,8863.907836107303
692.77,9.99,818.13125591984,8873.66503551579
692.77,9.99,819.1081908567753,8883.422234924277
692.77,9.99,820.0851257937106,8893.179434332766
692.77,9.99,821.062060730646,8902.936633741252
692.77,9.99,822.0389956675813,8912.69383314974
692.77,9.99,823.0159306045166,8922.451032558229
692.77,9.99,823.9928655414519,8932.208231966715
692.77,9.99,824.9698004783872,8941.965431375203
692.77,9.99,825.9467354153226,8951.72263078369
692.77,9.99,826.9236703522579,8961.479830192178
692.77,9.99,827.9006052891932,8971.237029600665
692.77,9.99,828.8775402261285,8980.994229009153
692.77,9.99,829.8544751630639,8990.75142841764
692.77,9.99,830.8314100999992,9000.508627826128
692.77,9.99,831.8083450369345,9010.265827234614
692.77,9.99,832.7852799738698,9020.023026643103
692.77,9.99,833.7622149108051,9029.780226051591
692.77,9.99,834.7391498477405,9039.537425460077
692.77,9.99,835.7160847846758,9049.294624868566
692.77,9.99,836.6930197216111,9059.051824277052
692.77,9.99,837.6699546585464,9068.80902368554
692.77,9.99,838.6468895954818,9078.566223094027
692.77,9.99,839.6238245324171,9088.323422502515
692.77,9.99,840.6007594693524,9098.080621911002
692.77,9.99,841.5776944062877,9107.83782131949
692.77,9.99,842.554629343223,9117.595020727978
692.77,9.99,843.5315642801584,9127.352220136465
692.77,9.99,844.5084992170937,9137.109419544953
692.77,9.99,845.485434154029,9146.86661895344
692.77,9.99,846.4623690909643,9156.623818361928
692.77,9.99,847.4393040278997,9166.381017770414
692.77,9.99,848.416238964835,9176.138217178903
692.77,9.99,849.3931739017703,9185.89541658739
692.77,9.99,850.3701088387056,9195.652615995878
692.77,9.99,851.3470437756409,9205.409815404364
692.77,9.99,852.3239787125763,9215.167014812852
692.77,9.99,853.3009136495116,9224.92421422134
692.77,9.99,854.2778485864469,9234.681413629827
692.77,9.99,855.2547835233822,9244.438613038315
692.77,9.99,856.2317184603176,9254.195812446802
692.77,9.99,857.2086533972529,9263.95301185529
692.77,9.99,858.1855883341882,9273.710211263777
692.77,9.99,859.1625232711235,9283.467410672265
692.77,9.99,860.1394582080588,9293.224610080752
692.77,9.99,861.1163931449942,9302.98180948924
692.77,9.99,862.0933280819295,9312.739008897726
692.77,9.99,863.0702630188648,9322.496208306215
692.77,9.99,864.0471979558001,9332.253407714703
692.77,9.99,865.0241328927355,9342.01060712319
692.77,9.99,866.0010678296708,9351.767806531678
692.77,9.99,866.9780027666061,9361.525005940164
692.77,9.99,867.9549377035414,9371.282205348652
692.77,9.99,868.9318726404767,9381.039404757139
692.77,9.99,869.9088075774121,9390.796604165627
692.77,9.99,870.8857425143474,9400.553803574114
692.77,9.99,871.8626774512827,9410.311002982602
692.77,9.99,872.839612388218,9420.068202391089
692.77,9.99,873.8165473251534,9429.825401799577
692.77,9.99,874.7934822620887,9439.582601208065
692.77,9.99,875.770417199024,9449.339800616552
692.77,9.99,876.7473521359593,9459.09700002504
692.77,9.99,877.7242870728946,9468.854199433526
692.77,9.99,878.70122200983,9478.611398842015
692.77,9.99,879.6781569467653,9488.368598250501
692.77,9.99,880.6550918837006,9498.12579765899
692.77,9.99,881.6320268206359,9507.882997067476
692.77,9.99,882.6089617575713,9517.640196475964
692.77,9.99,883.5858966945066,9527.39739588445
692.77,9.99,884.5628316314419,9537.15459529294
692.77,9.99,885.5397665683772,9546.911794701427
692.77,9.99,886.5167015053125,9556.668994109914
692.77,9.99,887.4936364422479,9566.426193518402
692.77,9.99,888.4705713791832,9576.183392926889
692.77,9.99,889.4475063161185,9585.940592335377
692.77,9.99,890.4244412530538,9595.697791743863
692.77,9.99,891.4013761899892,9605.454991152352
692.77,9.99,892.3783111269245,9615.212190560838
692.77,9.99,893.3552460638598,9624.969389969327
692.77,9.99,894.3321810007951,9634.726589377813
692.77,9.99,895.3091159377304,9644.483788786301
692.77,9.99,896.2860508746658,9654.24098819479
692.77,9.99,897.2629858116011,9663.998187603276
692.77,9.99,898.2399207485364,9673.755387011764
692.77,9.99,899.2168556854717,9683.512586420251
692.77,9.99,900.193790622407,9693.26978582874
692.77,9.99,901.1707255593424,9703.026985237226
692.77,9.99,902.1476604962777,9712.784184645714
692.77,9.99,903.124595433213,9722.5413840542
692.77,9.99,904.1015303701483,9732.298583462689
692.77,9.99,905.0784653070837,9742.055782871175
692.77,9.99,906.055400244019,9751.812982279664
692.77,9.99,907.0323351809543,9761.570181688152
692.77,9.99,908.0092701178896,9771.327381096638
692.77,9.99,908.986205054825,9781.084580505127
692.77,9.99,909.9631399917603,9790.841779913613
692.77,9.99,910.9400749286956,9800.598979322102
692.77,9.99,911.9170098656309,9810.356178730588
692.77,9.99,912.8939448025662,9820.113378139076
692.77,9.99,913.8708797395016,9829.870577547563
692.77,9.99,914.8478146764369,9839.627776956051
692.77,9.99,915.8247496133722,9849.384976364538
692.77,9.99,916.8016845503075,9859.142175773026
692.77,9.99,917.7786194872428,9868.899375181514
692.77,9.99,918.7555544241782,9878.65657459
692.77,9.99,919.7324893611135,9888.413773998489
692.77,9.99,920.7094242980488,9898.170973406975
692.77,9.99,921.6863592349841,9907.928172815464
692.77,9.99,922.6632941719195,9917.68537222395
692.77,9.99,923.6402291088548,9927.442571632439
692.77,9.99,924.6171640457901,9937.199771040925
692.77,9.99,925.5940989827254,9946.956970449413
692.77,9.99,926.5710339196607,9956.714169857902
692.77,9.99,927.5479688565961,9966.471369266388
692.77,9.99,928.5249037935314,9976.228568674876
692.77,9.99,929.5018387304667,9985.985768083363
692.77,9.99,930.478773667402,9995.742967491851
692.77,9.99,931.4557086043374,10005.500166900338
692.77,9.99,932.4326435412727,10015.257366308826
692.77,9.99,933.409578478208,10025.014565717313
692.77,9.99,934.3865134151433,10034.7717651258
692.77,9.99,935.3634483520786,10044.528964534287
692.77,9.99,936.340383289014,10054.286163942776
692.77,9.99,937.3173182259493,10064.043363351264
692.77,9.99,938.2942531628846,10073.80056275975
692.77,9.99,939.2711880998199,10083.557762168239
692.77,9.99,940.2481230367553,10093.314961576725
692.77,9.99,941.2250579736906,10103.072160985213
692.77,9.99,942.2019929106259,10112.8293603937
692.77,9.99,943.1789278475612,10122.586559802188
692.77,9.99,944.1558627844965,10132.343759210675
692.77,9.99,945.1327977214319,10142.100958619163
692.77,9.99,946.1097326583672,10151.85815802765
692.77,9.99,947.0866675953025,10161.615357436138
692.77,9.99,948.0636025322378,10171.372556844626
692.77,9.99,949.0405374691732,10181.129756253113
692.77,9.99,950.0174724061085,10190.886955661601
692.77,9.99,950.9944073430438,10200.644155070087
692.77,9.99,951.9713422799791,10210.401354478576
692.77,9.99,952.9482772169144,10220.158553887062
692.77,9.99,953.9252121538498,10229.91575329555
692.77,9.99,954.9021470907851,10239.672952704037
692.77,9.99,955.8790820277204,10249.430152112525
692.77,9.99,956.8560169646557,10259.187351521012
692.77,9.99,957.8329519015911,10268.9445509295
692.77,9.99,958.8098868385264,10278.701750337988
692.77,9.99,959.7868217754617,10288.458949746475
692.77,9.99,960.763756712397,10298.216149154963
692.77,9.99,961.7406916493323,10307.97334856345
692.77,9.99,962.7176265862677,10317.730547971938
692.77,9.99,963.694561523203,10327.487747380424
692.77,9.99,964.6714964601383,10337.244946788913
692.77,9.99,965.6484313970736,10347.0021461974
692.77,9.99,966.625366334009,10356.759345605888
692.77,9.99,967.6023012709443,10366.516545014374
692.77,9.99,968.5792362078796,10376.273744422862
692.77,9.99,969.5561711448149,10386.03094383135
692.77,9.99,970.5331060817502,10395.788143239837
692.77,9.99,971.5100410186856,10405.545342648325
692.77,9.99,972.4869759556209,10415.302542056812
692.77,9.99,973.4639108925562,10425.0597414653
692.77,9.99,974.4408458294915,10434.816940873787
692.77,9.99,975.4177807664269,10444.574140282275
692.77,9.99,976.3947157033622,10454.331339690762
692.77,9.99,977.3716506402975,10464.08853909925
692.77,9.99,978.3485855772328,10473.845738507736
692.77,9.99,979.3255205141681,10483.602937916225
692.77,9.99,980.3024554511035,10493.360137324713
692.77,9.99,981.2793903880388,10503.1173367332
692.77,9.99,982.2563253249741,10512.874536141688
692.77,9.99,983.2332602619094,10522.631735550174
692.77,9.99,984.2101951988448,10532.388934958663
692.77,9.99,985.1871301357801,10542.146134367149
692.77,9.99,986.1640650727154,10551.903333775637
692.77,9.99,987.1410000096507,10561.660533184124
692.77,9.99,988.117934946586,10571.417732592612
692.77,9.99,989.0948698835214,10581.174932001099
692.77,9.99,990.0718048204567,10590.932131409587
692.77,9.99,991.048739757392,10600.689330818075
692.77,9.99,992.0256746943273,10610.446530226562
692.77,9.99,993.0026096312627,10620.20372963505
692.77,9.99,993.979544568198,10629.960929043536
692.77,9.99,994.9564795051333,10639.718128452025
692.77,9.99,995.9334144420686,10649.475327860511
692.77,9.99,996.910349379004,10659.232527269
692.77,9.99,997.8872843159393,10668.989726677486
692.77,9.99,998.8642192528746,10678.746926085974
692.77,9.99,999.8411541898099,10688.50412549446
692.77,9.99,1000.8180891267452,10698.26132490295
692.77,9.99,1001.7950240636806,10708.018524311437
692.77,9.99,1002.7719590006159,10717.775723719924
692.77,9.99,1003.7488939375512,10727.532923128412
692.77,9.99,1004.7258288744865,10737.290122536899
692.77,9.99,1005.7027638114218,10747.047321945387
692.77,9.99,1006.6796987483572,10756.804521353873
692.77,9.99,1007.6566336852925,10766.561720762362
692.77,9.99,1008.6335686222278,10776.318920170848
692.77,9.99,1009.6105035591631,10786.076119579337
692.77,9.99,1010.5874384960985,10795.833318987825
692.77,9.99,1011.5643734330338,10805.590518396311
692.77,9.99,1012.5413083699691,10815.3477178048
692.77,9.99,1013.5182433069044,10825.104917213286
692.77,9.99,1014.4951782438397,10834.862116621774
692.77,9.99,1015.4721131807751,10844.619316030261
692.77,9.99,1016.4490481177104,10854.37651543875
692.77,9.99,1017.4259830546457,10864.133714847236
692.77,9.99,1018.402917991581,10873.890914255724
692.77,9.99,1019.3798529285164,10883.64811366421
692.77,9.99,1020.3567878654517,10893.405313072699
692.77,9.99,1021.333722802387,10903.162512481187
692.77,9.99,1022.3106577393223,10912.919711889674
692.77,9.99,1023.2875926762576,10922.676911298162
692.77,9.99,1024.264527613193,10932.434110706648
692.77,9.99,1025.2414625501283,10942.191310115137
692.77,9.99,1026.2183974870636,10951.948509523623
692.77,9.99,1027.195332423999,10961.705708932112
692.77,9.99,1028.1722673609343,10971.462908340598
692.77,9.99,1029.1492022978696,10981.220107749086
692.77,9.99,1030.126137234805,10990.977307157573
692.77,9.99,1031.1030721717402,11000.734506566061
692.77,9.99,1032.0800071086755,11010.49170597455
692.77,9.99,1033.0569420456109,11020.248905383036
692.77,9.99,1034.0338769825462,11030.006104791524
692.77,9.99,1035.0108119194815,11039.76330420001
692.77,9.99,1035.9877468564168,11049.520503608499
692.77,9.99,1036.9646817933522,11059.277703016985
692.77,9.99,1037.9416167302875,11069.034902425474
692.77,9.99,1038.9185516672228,11078.79210183396
692.77,9.99,1039.8954866041581,11088.549301242449
692.77,9.99,1040.8724215410934,11098.306500650935
692.77,9.99,1041.8493564780288,11108.063700059423
692.77,9.99,1042.826291414964,11117.820899467912
692.77,9.99,1043.8032263518994,11127.578098876398
692.77,9.99,1044.7801612888347,11137.335298284886
692.77,9.99,1045.75709622577,11147.092497693373
692.77,9.99,1046.7340311627054,11156.849697101861
692.77,9.99,1047.7109660996407,11166.606896510348
692.77,9.99,1048.687901036576,11176.364095918836
692.77,9.99,1049.6648359735113,11186.121295327323
692.77,9.99,1050.6417709104467,11195.87849473581
692.77,9.99,1051.618705847382,11205.635694144297
692.77,9.99,1052.5956407843173,11215.392893552786
692.77,9.99,1053.5725757212526,11225.150092961274
692.77,9.99,1054.549510658188,11234.90729236976
692.77,9.99,1055.5264455951233,11244.664491778249
692.77,9.99,1056.5033805320586,11254.421691186735
692.77,9.99,1057.480315468994,11264.178890595223
692.77,9.99,1058.4572504059292,11273.93609000371
692.77,9.99,1059.4341853428646,11283.693289412198
692.77,9.99,1060.4111202798,11293.450488820685
692.77,9.99,1061.3880552167352,11303.207688229173
692.77,9.99,1062.3649901536705,11312.96488763766
692.77,9.99,1063.3419250906059,11322.722087046148
692.77,9.99,1064.3188600275412,11332.479286454636
692.77,9.99,1065.2957949644765,11342.236485863123
692.77,9.99,1066.2727299014118,11351.993685271611
692.77,9.99,1067.2496648383471,11361.750884680097
692.77,9.99,1068.2265997752825,11371.508084088586
692.77,9.99,1069.2035347122178,11381.265283497072
692.77,9.99,1070.180469649153,11391.02248290556
692.77,9.99,1071.1574045860884,11400.779682314047
692.77,9.99,1072.1343395230238,11410.536881722535
692.77,9.99,1073.111274459959,11420.294081131022
692.77,9.99,1074.0882093968944,11430.05128053951
692.77,9.99,1075.0651443338297,11439.808479947998
692.77,9.99,1076.042079270765,11449.565679356485
692.77,9.99,1077.0190142077004,11459.322878764973
692.77,9.99,1077.9959491446357,11469.08007817346
692.77,9.99,1078.972884081571,11478.837277581948
692.77,9.99,1079.9498190185063,11488.594476990434
692.77,9.99,1080.9267539554417,11498.351676398923
692.77,9.99,1081.903688892377,11508.10887580741
692.77,9.99,1082.8806238293123,11517.866075215898
692.77,9.99,1083.8575587662476,11527.623274624384
692.77,9.99,1084.834493703183,11537.380474032872
692.77,9.99,1085.8114286401183,11547.13767344136
692.77,9.99,1086.7883635770536,11556.894872849847
692.77,9.99,1087.765298513989,11566.652072258335
692.77,9.99,1088.7422334509242,11576.409271666822
692.77,9.99,1089.7191683878596,11586.16647107531
692.77,9.99,1090.6961033247949,11595.923670483797
692.77,9.99,1091.6730382617302,11605.680869892285
692.77,9.99,1092.6499731986655,11615.438069300772
692.77,9.99,1093.6269081356008,11625.19526870926
692.77,9.99,1094.6038430725362,11634.952468117748
692.77,9.99,1095.5807780094715,11644.709667526235
692.77,9.99,1096.5577129464068,11654.466866934723
692.77,9.99,1097.5346478833421,11664.22406634321
692.77,9.99,1098.5115828202775,11673.981265751698
692.77,9.99,1099.4885177572128,11683.738465160184
692.77,9.99,1100.465452694148,11693.495664568673
692.77,9.99,1101.4423876310834,11703.252863977159
692.77,9.99,1102.4193225680187,11713.010063385647
692.77,9.99,1103.396257504954,11722.767262794134
692.77,9.99,1104.3731924418894,11732.524462202622
692.77,9.99,1105.3501273788247,11742.28166161111
692.77,9.99,1106.32706231576,11752.038861019597
692.77,9.99,1107.3039972526954,11761.796060428085
692.77,9.99,1108.2809321896307,11771.553259836572
692.77,9.99,1109.257867126566,11781.31045924506
692.77,9.99,1110.2348020635013,11791.067658653546
692.77,9.99,1111.2117370004366,11800.824858062035
692.77,9.99,1112.188671937372,11810.582057470521
692.77,9.99,1113.1656068743073,11820.33925687901
692.77,9.99,1114.1425418112426,11830.096456287496
692.77,9.99,1115.119476748178,11839.853655695984
692.77,9.99,1116.0964116851133,11849.610855104473
692.77,9.99,1117.0733466220486,11859.36805451296
692.77,9.99,1118.050281558984,11869.125253921447
692.77,9.99,1119.0272164959192,11878.882453329934
692.77,9.99,1120.0041514328545,11888.639652738422
692.77,9.99,1120.9810863697899,11898.396852146909
692.77,9.99,1121.9580213067252,11908.154051555397
692.77,9.99,1122.9349562436605,11917.911250963884
692.77,9.99,1123.9118911805958,11927.668450372372
692.77,9.99,1124.8888261175312,11937.425649780858
692.77,9.99,1125.8657610544665,11947.182849189347
692.77,9.99,1126.8426959914018,11956.940048597835
692.77,9.99,1127.8196309283371,11966.697248006321
692.77,9.99,1128.7965658652724,11976.45444741481
692.77,9.99,1129.7735008022078,11986.211646823296
692.77,9.99,1130.750435739143,11995.968846231784
692.77,9.99,1131.7273706760784,12005.726045640271
692.77,9.99,1132.7043056130137,12015.48324504876
692.77,9.99,1133.681240549949,12025.240444457246
692.77,9.99,1134.6581754868844,12034.997643865734
692.77,9.99,1135.6351104238197,12044.75484327422
692.77,9.99,1136.612045360755,12054.512042682709
692.77,9.99,1137.5889802976903,12064.269242091197
692.77,9.99,1138.5659152346257,12074.026441499684
692.77,9.99,1139.542850171561,12083.783640908172
692.77,9.99,1140.5197851084963,12093.540840316658
692.77,9.99,1141.4967200454316,12103.298039725147
692.77,9.99,1142.473654982367,12113.055239133633
692.77,9.99,1143.4505899193023,12122.812438542122
692.77,9.99,1144.4275248562376,12132.569637950608
692.77,9.99,1145.404459793173,12142.326837359096
692.77,9.99,1146.3813947301082,12152.084036767583
692.77,9.99,1147.3583296670436,12161.841236176071
692.77,9.99,1148.3352646039789,12171.59843558456
692.77,9.99,1149.3121995409142,12181.355634993046
692.77,9.99,1150.2891344778495,12191.112834401534
692.77,9.99,1151.2660694147849,12200.87003381002
692.77,9.99,1152.2430043517202,12210.627233218509
692.77,9.99,1153.2199392886555,12220.384432626995
692.77,9.99,1154.1968742255908,12230.141632035484
692.77,9.99,1155.1738091625261,12239.89883144397
692.77,9.99,1156.1507440994615,12249.656030852459
692.77,9.99,1157.1276790363968,12259.413230260945
692.77,9.99,1158.104613973332,12269.170429669433
692.77,9.99,1159.0815489102674,12278.927629077922
692.77,9.99,1160.0584838472028,12288.684828486408
692.77,9.99,1161.035418784138,12298.442027894896
692.77,9.99,1162.0123537210734,12308.199227303383
692.77,9.99,1162.9892886580087,12317.956426711871
692.77,9.99,1163.966223594944,12327.713626120358
692.77,9.99,1164.9431585318794,12337.470825528846
692.77,9.99,1165.9200934688147,12347.228024937333
692.77,9.99,1166.89702840575,12356.98522434582
692.77,9.99,1167.8739633426853,12366.742423754307
692.77,9.99,1168.8508982796207,12376.499623162796
692.77,9.99,1169.827833216556,12386.256822571284
692.77,9.99,1170.8047681534913,12396.01402197977
692.77,9.99,1171.7817030904266,12405.771221388259
692.77,9.99,1172.758638027362,12415.528420796745
692.77,9.99,1173.7355729642973,12425.285620205233
692.77,9.99,1174.7125079012326,12435.04281961372
692.77,9.99,1175.689442838168,12444.800019022208
692.77,9.99,1176.6663777751032,12454.557218430695
692.77,9.99,1177.6433127120386,12464.314417839183
692.77,9.99,1178.6202476489739,12474.071617247671
692.77,9.99,1179.5971825859092,12483.828816656158
692.77,9.99,1180.5741175228445,12493.586016064646
692.77,9.99,1181.5510524597798,12503.343215473133
692.77,9.99,1182.5279873967152,12513.100414881621
692.77,9.99,1183.5049223336505,12522.857614290107
692.77,9.99,1184.4818572705858,12532.614813698596
692.77,9.99,1185.4587922075211,12542.372013107082
692.77,9.99,1186.4357271444565,12552.12921251557
692.77,9.99,1187.4126620813918,12561.886411924057
692.77,9.99,1188.389597018327,12571.643611332545
692.77,9.99,1189.3665319552624,12581.400810741034
692.77,9.99,1190.3434668921977,12591.15801014952
692.77,9.99,1191.320401829133,12600.915209558008
692.77,9.99,1192.2973367660684,12610.672408966495
692.77,9.99,1193.2742717030037,12620.429608374983
692.77,9.99,1194.251206639939,12630.18680778347
692.77,9.99,1195.2281415768743,12639.944007191958
692.77,9.99,1196.2050765138097,12649.701206600444
692.77,9.99,1197.182011450745,12659.458406008933
692.77,9.99,1198.1589463876803,12669.21560541742
692.77,9.99,1199.1358813246156,12678.972804825908
692.77,9.99,1200.112816261551,12688.730004234396
692.77,9.99,1201.0897511984863,12698.487203642882
692.77,9.99,1202.0666861354216,12708.24440305137
692.77,9.99,1203.043621072357,12718.001602459857
692.77,9.99,1204.0205560092922,12727.758801868345
692.77,9.99,1204.9974909462276,12737.516001276832
692.77,9.99,1205.974425883163,12747.27320068532
692.77,9.99,1206.9513608200982,12757.030400093807
692.77,9.99,1207.9282957570335,12766.787599502295
692.77,9.99,1208.9052306939689,12776.544798910782
692.77,9.99,1209.8821656309042,12786.30199831927
692.77,9.99,1210.8591005678395,12796.059197727758
692.77,9.99,1211.8360355047748,12805.816397136245
692.77,9.99,1212.8129704417101,12815.573596544733
692.77,9.99,1213.7899053786455,12825.33079595322
692.77,9.99,1214.7668403155808,12835.087995361708
692.77,9.99,1215.7437752525161,12844.845194770194
692.77,9.99,1216.7207101894514,12854.602394178683
692.77,9.99,1217.6976451263868,12864.359593587169
692.77,9.99,1218.674580063322,12874.116792995657
692.77,9.99,1219.6515150002574,12883.873992404144
692.77,9.99,1220.6284499371927,12893.631191812632
692.77,9.99,1221.605384874128,12903.38839122112
692.77,9.99,1222.5823198110634,12913.145590629607
692.77,9.99,1223.5592547479987,12922.902790038095
692.77,9.99,1224.536189684934,12932.659989446582
692.77,9.99,1225.5131246218693,12942.41718885507
692.77,9.99,1226.4900595588047,12952.174388263556
692.77,9.99,1227.46699449574,12961.931587672045
692.77,9.99,1228.4439294326753,12971.688787080531
692.77,9.99,1229.4208643696106,12981.44598648902
692.77,9.99,1230.397799306546,12991.203185897506
692.77,9.99,1231.3747342434813,13000.960385305994
692.77,9.99,1232.3516691804166,13010.717584714483
692.77,9.99,1233.328604117352,13020.47478412297
692.77,9.99,1234.3055390542872,13030.231983531457
692.77,9.99,1235.2824739912226,13039.989182939944
692.77,9.99,1236.2594089281579,13049.746382348432
692.77,9.99,1237.2363438650932,13059.503581756919
692.77,9.99,1238.2132788020285,13069.260781165407
692.77,9.99,1239.1902137389638,13079.017980573894
692.77,9.99,1240.1671486758992,13088.775179982382
692.77,9.99,1241.1440836128345,13098.532379390868
692.77,9.99,1242.1210185497698,13108.289578799357
692.77,9.99,1243.0979534867051,13118.046778207845
692.77,9.99,1244.0748884236405,13127.803977616331
692.77,9.99,1245.0518233605758,13137.56117702482
692.77,9.99,1246.028758297511,13147.318376433306
692.77,9.99,1247.0056932344464,13157.075575841794
692.77,9.99,1247.9826281713817,13166.832775250281
692.77,9.99,1248.959563108317,13176.58997465877
692.77,9.99,1249.9364980452524,13186.347174067256
692.77,9.99,1250.9134329821877,13196.104373475744
692.77,9.99,1251.890367919123,13205.86157288423
692.77,9.99,1252.8673028560584,13215.618772292719
692.77,9.99,1253.8442377929937,13225.375971701207
692.77,9.99,1254.821172729929,13235.133171109694
692.77,9.99,1255.7981076668643,13244.890370518182
692.77,9.99,1256.7750426037996,13254.647569926668
692.77,9.99,1257.751977540735,13264.404769335157
692.77,9.99,1258.7289124776703,13274.161968743643
692.77,9.99,1259.7058474146056,13283.919168152132
692.77,9.99,1260.682782351541,13293.676367560618
692.77,9.99,1261.6597172884763,13303.433566969106
692.77,9.99,1262.6366522254116,13313.190766377595
692.77,9.99,1263.613587162347,13322.947965786081
692.77,9.99,1264.5905220992822,13332.70516519457
692.77,9.99,1265.5674570362175,13342.462364603056
692.77,9.99,1266.5443919731529,13352.219564011544
692.77,9.99,1267.5213269100882,13361.97676342003
692.77,9.99,1268.4982618470235,13371.733962828519
692.77,9.99,1269.4751967839588,13381.491162237005
692.77,9.99,1270.4521317208942,13391.248361645494
692.77,9.99,1271.4290666578295,13401.00556105398
692.77,9.99,1272.4060015947648,13410.762760462469
692.77,9.99,1273.3829365317001,13420.519959870957
692.77,9.99,1274.3598714686354,13430.277159279443
692.77,9.99,1275.3368064055708,13440.034358687932
692.77,9.99,1276.313741342506,13449.791558096418
692.77,9.99,1277.2906762794414,13459.548757504906
692.77,9.99,1278.2676112163767,13469.305956913393
692.77,9.99,1279.244546153312,13479.063156321881
692.77,9.99,1280.2214810902474,13488.820355730368
692.77,9.99,1281.1984160271827,13498.577555138856
692.77,9.99,1282.175350964118,13508.334754547343
692.77,9.99,1283.1522859010533,13518.09195395583
692.77,9.99,1284.1292208379887,13527.84915336432
692.77,9.99,1285.106155774924,13537.606352772806
692.77,9.99,1286.0830907118593,13547.363552181294
692.77,9.99,1287.0600256487946,13557.12075158978
692.77,9.99,1288.03696058573,13566.877950998269
692.77,9.99,1289.0138955226653,13576.635150406755
692.77,9.99,1289.9908304596006,13586.392349815244
692.77,9.99,1290.967765396536,13596.14954922373
692.77,9.99,1291.9447003334712,13605.906748632218
692.77,9.99,1292.9216352704066,13615.663948040705
692.77,9.99,1293.898570207342,13625.421147449193
692.77,9.99,1294.8755051442772,13635.178346857681
692.77,9.99,1295.8524400812125,13644.935546266168
692.77,9.99,1296.8293750181479,13654.692745674656
692.77,9.99,1297.8063099550832,13664.449945083143
692.77,9.99,1298.7832448920185,13674.207144491631
692.77,9.99,1299.7601798289538,13683.964343900117
692.77,9.99,1300.7371147658891,13693.721543308606
692.77,9.99,1301.7140497028245,13703.478742717092
692.77,9.99,1302.6909846397598,13713.23594212558
692.77,9.99,1303.667919576695,13722.993141534067
692.77,9.99,1304.6448545136304,13732.750340942555
692.77,9.99,1305.6217894505658,13742.507540351044
692.77,9.99,1306.598724387501,13752.26473975953
692.77,9.99,1307.5756593244364,13762.021939168018
692.77,9.99,1308.5525942613717,13771.779138576505
692.77,9.99,1309.529529198307,13781.536337984993
692.77,9.99,1310.5064641352424,13791.29353739348
692.77,9.99,1311.4833990721777,13801.050736801968
692.77,9.99,1312.460334009113,13810.807936210454
692.77,9.99,1313.4372689460483,13820.565135618943
692.77,9.99,1314.4142038829837,13830.32233502743
692.77,9.99,1315.391138819919,13840.079534435918
692.77,9.99,1316.3680737568543,13849.836733844406
692.77,9.99,1317.3450086937896,13859.593933252892
692.77,9.99,1318.321943630725,13869.35113266138
692.77,9.99,1319.2988785676603,13879.108332069867
692.77,9.99,1320.2758135045956,13888.865531478355
692.77,9.99,1321.252748441531,13898.622730886842
692.77,9.99,1322.2296833784662,13908.37993029533
692.77,9.99,1323.2066183154016,13918.137129703817
692.77,9.99,1324.1835532523369,13927.894329112305
692.77,9.99,1325.1604881892722,13937.651528520792
692.77,9.99,1326.1374231262075,13947.40872792928
692.77,9.99,1327.1143580631428,13957.165927337768
692.77,9.99,1328.0912930000782,13966.923126746255
692.77,9.99,1329.0682279370135,13976.680326154743
692.77,9.99,1330.0451628739488,13986.43752556323
692.77,9.99,1331.0220978108841,13996.194724971718
692.77,9.99,1331.9990327478195,14005.951924380204
692.77,9.99,1332.9759676847548,14015.709123788693
692.77,9.99,1333.95290262169,14025.466323197179
692.77,9.99,1334.9298375586254,14035.223522605667
692.77,9.99,1335.9067724955607,14044.980722014154
692.77,9.99,1336.883707432496,14054.737921422642
692.77,9.99,1337.8606423694314,14064.49512083113
692.77,9.99,1338.8375773063667,14074.252320239617
692.77,9.99,1339.814512243302,14084.009519648105
692.77,9.99,1340.7914471802374,14093.766719056592
692.77,9.99,1341.7683821171727,14103.52391846508
692.77,9.99,1342.745317054108,14113.281117873566
692.77,9.99,1343.7222519910433,14123.038317282055
692.77,9.99,1344.6991869279786,14132.795516690541
692.77,9.99,1345.676121864914,14142.55271609903
692.77,9.99,1346.6530568018493,14152.309915507518
692.77,9.99,1347.6299917387846,14162.067114916004
692.77,9.99,1348.60692667572,14171.824314324493
692.77,9.99,1349.5838616126553,14181.58151373298
692.77,9.99,1350.5607965495906,14191.338713141467
692.77,9.99,1351.537731486526,14201.095912549954
692.77,9.99,1352.5146664234612,14210.853111958442
692.77,9.99,1353.4916013603965,14220.610311366929
692.77,9.99,1354.4685362973319,14230.367510775417
692.77,9.99,1355.4454712342672,14240.124710183904
692.77,9.99,1356.4224061712025,14249.881909592392
692.77,9.99,1357.3993411081378,14259.63910900088
692.77,9.99,1358.3762760450732,14269.396308409367
692.77,9.99,1359.3532109820085,14279.153507817855
692.77,9.99,1360.3301459189438,14288.910707226341
692.77,9.99,1361.3070808558791,14298.66790663483
692.77,9.99,1362.2840157928144,14308.425106043316
692.77,9.99,1363.2609507297498,14318.182305451804
692.77,9.99,1364.237885666685,14327.939504860291
692.77,9.99,1365.2148206036204,14337.69670426878
692.77,9.99,1366.1917555405557,14347.453903677266
692.77,9.99,1367.168690477491,14357.211103085754
692.77,9.99,1368.1456254144264,14366.968302494242
692.77,9.99,1369.1225603513617,14376.725501902729
692.77,9.99,1370.099495288297,14386.482701311217
692.77,9.99,1371.0764302252323,14396.239900719704
692.77,9.99,1372.0533651621677,14405.997100128192
692.77,9.99,1373.030300099103,14415.754299536678
692.77,9.99,1374.0072350360383,14425.511498945167
692.77,9.99,1374.9841699729736,14435.268698353653
692.77,9.99,1375.961104909909,14445.025897762142
692.77,9.99,1376.9380398468443,14454.783097170628
692.77,9.99,1377.9149747837796,14464.540296579116
692.77,9.99,1378.891909720715,14474.297495987605
692.77,9.99,1379.8688446576502,14484.054695396091
692.77,9.99,1380.8457795945856,14493.81189480458
692.77,9.99,1381.822714531521,14503.569094213066
692.77,9.99,1382.7996494684562,14513.326293621554
692.77,9.99,1383.7765844053915,14523.08349303004
692.77,9.99,1384.7535193423269,14532.840692438529
692.77,9.99,1385.7304542792622,14542.597891847015
692.77,9.99,1386.7073892161975,14552.355091255504
692.77,9.99,1387.6843241531328,14562.11229066399
692.77,9.99,1388.6612590900681,14571.869490072479
692.77,9.99,1389.6381940270035,14581.626689480967
692.77,9.99,1390.6151289639388,14591.383888889453
692.77,9.99,1391.592063900874,14601.141088297942
692.77,9.99,1392.5689988378094,14610.898287706428
692.77,9.99,1393.5459337747448,14620.655487114916
692.77,9.99,1394.52286871168,14630.412686523403
692.77,9.99,1395.4998036486154,14640.169885931891
692.77,9.99,1396.4767385855507,14649.927085340378
692.77,9.99,1397.453673522486,14659.684284748866
692.77,9.99,1398.4306084594214,14669.441484157353
692.77,9.99,1399.4075433963567,14679.19868356584
692.77,9.99,1400.384478333292,14688.95588297433
692.77,9.99,1401.3614132702273,14698.713082382816
692.77,9.99,1402.3383482071627,14708.470281791304
692.77,9.99,1403.315283144098,14718.22748119979
692.77,9.99,1404.2922180810333,14727.984680608279
692.77,9.99,1405.2691530179686,14737.741880016765
692.77,9.99,1406.246087954904,14747.499079425254
692.77,9.99,1407.2230228918393,14757.25627883374
692.77,9.99,1408.1999578287746,14767.013478242228
692.77,9.99,1409.17689276571,14776.770677650715
692.77,9.99,1410.1538277026452,14786.527877059203
692.77,9.99,1411.1307626395806,14796.285076467691
692.77,9.99,1412.1076975765159,14806.042275876178
692.77,9.99,1413.0846325134512,14815.799475284666
692.77,9.99,1414.0615674503865,14825.556674693153
692.77,9.99,1415.0385023873218,14835.313874101641
692.77,9.99,1416.0154373242572,14845.071073510127
692.77,9.99,1416.9923722611925,14854.828272918616
692.77,9.99,1417.9693071981278,14864.585472327102
692.77,9.99,1418.9462421350631,14874.34267173559
692.77,9.99,1419.9231770719985,14884.099871144077
692.77,9.99,1420.9001120089338,14893.857070552565
692.77,9.99,1421.877046945869,14903.614269961054
692.77,9.99,1422.8539818828044,14913.37146936954
692.77,9.99,1423.8309168197397,14923.128668778028
692.77,9.99,1424.807851756675,14932.885868186515
692.77,9.99,1425.7847866936104,14942.643067595003
692.77,9.99,1426.7617216305457,14952.40026700349
692.77,9.99,1427.738656567481,14962.157466411978
692.77,9.99,1428.7155915044164,14971.914665820465
692.77,9.99,1429.6925264413517,14981.671865228953
692.77,9.99,1430.669461378287,14991.429064637441
692.77,9.99,1431.6463963152223,15001.186264045928
692.77,9.99,1432.6233312521576,15010.943463454416
692.77,9.99,1433.600266189093,15020.700662862902
692.77,9.99,1434.5772011260283,15030.45786227139
692.77,9.99,1435.5541360629636,15040.215061679877
692.77,9.99,1436.531070999899,15049.972261088365
692.77,9.99,1437.5080059368343,15059.729460496852
692.77,9.99,1438.4849408737696,15069.48665990534
692.77,9.99,1439.461875810705,15079.243859313827
692.77,9.99,1440.4388107476402,15089.001058722315
692.77,9.99,1441.4157456845755,15098.758258130803
692.77,9.99,1442.3926806215109,15108.51545753929
692.77,9.99,1443.3696155584462,15118.272656947778
692.77,9.99,1444.3465504953815,15128.029856356265
692.77,9.99,1445.3234854323168,15137.787055764753
692.77,9.99,1446.3004203692522,15147.54425517324
692.77,9.99,1447.2773553061875,15157.301454581728
692.77,9.99,1448.2542902431228,15167.058653990214
692.77,9.99,1449.2312251800581,15176.815853398703
692.77,9.99,1450.2081601169934,15186.573052807189
692.77,9.99,1451.1850950539288,15196.330252215677
692.77,9.99,1452.162029990864,15206.087451624166
692.77,9.99,1453.1389649277994,15215.844651032652
692.77,9.99,1454.1158998647347,15225.60185044114
692.77,9.99,1455.09283480167,15235.359049849627
692.77,9.99,1456.0697697386054,15245.116249258115
692.77,9.99,1457.0467046755407,15254.873448666602
692.77,9.99,1458.023639612476,15264.63064807509
692.77,9.99,1459.0005745494113,15274.387847483576
692.77,9.99,1459.9775094863467,15284.145046892065
692.77,9.99,1460.954444423282,15293.902246300551
692.77,9.99,1461.9313793602173,15303.65944570904
692.77,9.99,1462.9083142971526,15313.416645117528
692.77,9.99,1463.885249234088,15323.173844526014
692.77,9.99,1464.8621841710233,15332.931043934503
692.77,9.99,1465.8391191079586,15342.68824334299
692.77,9.99,1466.816054044894,15352.445442751477
692.77,9.99,1467.7929889818292,15362.202642159964
692.77,9.99,1468.7699239187646,15371.959841568452
692.77,9.99,1469.7468588556999,15381.717040976939
692.77,9.99,1470.7237937926352,15391.474240385427
692.77,9.99,1471.7007287295705,15401.231439793914
692.77,9.99,1472.6776636665059,15410.988639202402
692.77,9.99,1473.6545986034412,15420.74583861089
692.77,9.99,1474.6315335403765,15430.503038019377
692.77,9.99,1475.6084684773118,15440.260237427865
692.77,9.99,1476.5854034142471,15450.017436836351
692.77,9.99,1477.5623383511825,15459.77463624484
692.77,9.99,1478.5392732881178,15469.531835653326
692.77,9.99,1479.516208225053,15479.289035061815
692.77,9.99,1480.4931431619884,15489.046234470301
692.77,9.99,1481.4700780989238,15498.80343387879
692.77,9.99,1482.447013035859,15508.560633287276
692.77,9.99,1483.4239479727944,15518.317832695764
692.77,9.99,1484.4008829097297,15528.075032104252
692.77,9.99,1485.377817846665,15537.832231512739
692.77,9.99,1486.3547527836004,15547.589430921227
692.77,9.99,1487.3316877205357,15557.346630329714
692.77,9.99,1488.308622657471,15567.103829738202
692.77,9.99,1489.2855575944063,15576.861029146688
692.77,9.99,1490.2624925313416,15586.618228555177
692.77,9.99,1491.239427468277,15596.375427963663
692.77,9.99,1492.2163624052123,15606.132627372152
692.77,9.99,1493.1932973421476,15615.889826780638
692.77,9.99,1494.170232279083,15625.647026189126
692.77,9.99,1495.1471672160183,15635.404225597615
692.77,9.99,1496.1241021529536,15645.161425006101
692.77,9.99,1497.101037089889,15654.91862441459
692.77,9.99,1498.0779720268242,15664.675823823076
692.77,9.99,1499.0549069637595,15674.433023231564
692.77,9.99,1500.0318419006949,15684.19022264005
692.77,9.99,1501.0087768376302,15693.947422048539
692.77,9.99,1501.9857117745655,15703.704621457025
692.77,9.99,1502.9626467115008,15713.461820865514
692.77,9.99,1503.9395816484362,15723.219020274
692.77,9.99,1504.9165165853715,15732.976219682489
692.77,9.99,1505.8934515223068,15742.733419090977
692.77,9.99,1506.8703864592421,15752.490618499463
692.77,9.99,1507.8473213961774,15762.247817907952
692.77,9.99,1508.8242563331128,15772.005017316438
692.77,9.99,1509.801191270048,15781.762216724926
692.77,9.99,1510.7781262069834,15791.519416133413
692.77,9.99,1511.7550611439187,15801.276615541901
692.77,9.99,1512.731996080854,15811.033814950388
692.77,9.99,1513.7089310177894,15820.791014358876
692.77,9.99,1514.6858659547247,15830.548213767363
692.77,9.99,1515.66280089166,15840.30541317585
692.77,9.99,1516.6397358285953,15850.06261258434
692.77,9.99,1517.6166707655307,15859.819811992826
692.77,9.99,1518.593605702466,15869.577011401314
692.77,9.99,1519.5705406394013,15879.3342108098
692.77,9.99,1520.5474755763366,15889.091410218289
692.77,9.99,1521.524410513272,15898.848609626775
692.77,9.99,1522.5013454502073,15908.605809035264
692.77,9.99,1523.4782803871426,15918.36300844375
692.77,9.99,1524.455215324078,15928.120207852238
692.77,9.99,1525.4321502610132,15937.877407260727
692.77,9.99,1526.4090851979486,15947.634606669213
692.77,9.99,1527.386020134884,15957.391806077701
692.77,9.99,1528.3629550718192,15967.149005486188
692.77,9.99,1529.3398900087545,15976.906204894676
692.77,9.99,1530.3168249456899,15986.663404303163
692.77,9.99,1531.2937598826252,15996.420603711651
692.77,9.99,1532.2706948195605,16006.177803120137
692.77,9.99,1533.2476297564958,16015.935002528626
692.77,9.99,1534.2245646934311,16025.692201937112
692.77,9.99,1535.2014996303665,16035.4494013456
692.77,9.99,1536.1784345673018,16045.206600754089
692.77,9.99,1537.1553695042371,16054.963800162575
692.77,9.99,1538.1323044411724,16064.720999571064
692.77,9.99,1539.1092393781078,16074.47819897955
692.77,9.99,1540.086174315043,16084.235398388038
692.77,9.99,1541.0631092519784,16093.992597796525
692.77,9.99,1542.0400441889137,16103.749797205013
692.77,9.99,1543.016979125849,16113.5069966135
692.77,9.99,1543.9939140627844,16123.264196021988
692.77,9.99,1544.9708489997197,16133.021395430475
692.77,9.99,1545.947783936655,16142.778594838963
692.77,9.99,1546.9247188735903,16152.535794247451
692.77,9.99,1547.9016538105257,16162.292993655938
692.77,9.99,1548.878588747461,16172.050193064426
692.77,9.99,1549.8555236843963,16181.807392472912
692.77,9.99,1550.8324586213316,16191.5645918814
692.77,9.99,1551.809393558267,16201.321791289887
692.77,9.99,1552.7863284952023,16211.078990698375
692.77,9.99,1553.7632634321376,16220.836190106862
692.77,9.99,1554.740198369073,16230.59338951535
692.77,9.99,1555.7171333060082,16240.350588923837
692.77,9.99,1556.6940682429436,16250.107788332325
692.77,9.99,1557.6710031798789,16259.864987740813
692.77,9.99,1558.6479381168142,16269.6221871493
692.77,9.99,1559.6248730537495,16279.379386557788
692.77,9.99,1560.6018079906848,16289.136585966275
692.77,9.99,1561.5787429276202,16298.893785374763
692.77,9.99,1562.5556778645555,16308.65098478325
