θ_0,θ_1,Population,Price
-3.90,1.19,22.203,22.853927519070435
-3.90,1.19,22.42158762886598,23.114709914511174
-3.90,1.19,22.640175257731958,23.375492309951916
-3.90,1.19,22.858762886597937,23.63627470539266
-3.90,1.19,23.077350515463916,23.8970571008334
-3.90,1.19,23.295938144329895,24.157839496274143
-3.90,1.19,23.514525773195874,24.418621891714885
-3.90,1.19,23.733113402061853,24.679404287155624
-3.90,1.19,23.951701030927833,24.940186682596366
-3.90,1.19,24.170288659793812,25.200969078037108
-3.90,1.19,24.38887628865979,25.46175147347785
-3.90,1.19,24.60746391752577,25.722533868918593
-3.90,1.19,24.82605154639175,25.983316264359335
-3.90,1.19,25.04463917525773,26.244098659800073
-3.90,1.19,25.263226804123708,26.504881055240816
-3.90,1.19,25.481814432989687,26.765663450681558
-3.90,1.19,25.700402061855666,27.0264458461223
-3.90,1.19,25.918989690721645,27.287228241563042
-3.90,1.19,26.137577319587624,27.548010637003784
-3.90,1.19,26.356164948453603,27.808793032444523
-3.90,1.19,26.574752577319583,28.069575427885265
-3.90,1.19,26.79334020618556,28.330357823326008
-3.90,1.19,27.01192783505154,28.59114021876675
-3.90,1.19,27.23051546391752,28.851922614207492
-3.90,1.19,27.4491030927835,29.112705009648234
-3.90,1.19,27.66769072164948,29.373487405088973
-3.90,1.19,27.886278350515457,29.634269800529715
-3.90,1.19,28.104865979381437,29.895052195970457
-3.90,1.19,28.323453608247416,30.1558345914112
-3.90,1.19,28.542041237113395,30.416616986851942
-3.90,1.19,28.760628865979374,30.677399382292684
-3.90,1.19,28.979216494845353,30.938181777733423
-3.90,1.19,29.197804123711332,31.198964173174165
-3.90,1.19,29.41639175257731,31.459746568614907
-3.90,1.19,29.63497938144329,31.72052896405565
-3.90,1.19,29.85356701030927,31.98131135949639
-3.90,1.19,30.07215463917525,32.24209375493713
-3.90,1.19,30.290742268041228,32.50287615037787
-3.90,1.19,30.509329896907207,32.763658545818615
-3.90,1.19,30.727917525773186,33.02444094125936
-3.90,1.19,30.946505154639166,33.2852233367001
-3.90,1.19,31.165092783505145,33.54600573214084
-3.90,1.19,31.383680412371124,33.806788127581584
-3.90,1.19,31.602268041237103,34.067570523022326
-3.90,1.19,31.820855670103082,34.32835291846307
-3.90,1.19,32.03944329896906,34.58913531390381
-3.90,1.19,32.258030927835044,34.84991770934456
-3.90,1.19,32.47661855670103,35.1107001047853
-3.90,1.19,32.69520618556701,35.37148250022605
-3.90,1.19,32.91379381443299,35.63226489566679
-3.90,1.19,33.132381443298975,35.89304729110754
-3.90,1.19,33.35096907216496,36.153829686548285
-3.90,1.19,33.56955670103094,36.414612081989034
-3.90,1.19,33.78814432989692,36.675394477429776
-3.90,1.19,34.006731958762906,36.936176872870526
-3.90,1.19,34.22531958762889,37.19695926831127
-3.90,1.19,34.44390721649487,37.45774166375202
-3.90,1.19,34.662494845360854,37.71852405919276
-3.90,1.19,34.88108247422684,37.97930645463351
-3.90,1.19,35.09967010309282,38.24008885007425
-3.90,1.19,35.3182577319588,38.500871245515
-3.90,1.19,35.536845360824785,38.76165364095574
-3.90,1.19,35.75543298969077,39.02243603639649
-3.90,1.19,35.97402061855675,39.283218431837234
-3.90,1.19,36.19260824742273,39.54400082727798
-3.90,1.19,36.411195876288716,39.804783222718726
-3.90,1.19,36.6297835051547,40.065565618159475
-3.90,1.19,36.84837113402068,40.32634801360022
-3.90,1.19,37.066958762886664,40.58713040904097
-3.90,1.19,37.285546391752646,40.84791280448171
-3.90,1.19,37.50413402061863,41.10869519992246
-3.90,1.19,37.72272164948461,41.36947759536321
-3.90,1.19,37.941309278350595,41.63025999080395
-3.90,1.19,38.15989690721658,41.8910423862447
-3.90,1.19,38.37848453608256,42.15182478168544
-3.90,1.19,38.59707216494854,42.41260717712619
-3.90,1.19,38.815659793814525,42.67338957256693
-3.90,1.19,39.03424742268051,42.93417196800768
-3.90,1.19,39.25283505154649,43.194954363448424
-3.90,1.19,39.47142268041247,43.455736758889174
-3.90,1.19,39.690010309278456,43.716519154329916
-3.90,1.19,39.90859793814444,43.977301549770665
-3.90,1.19,40.12718556701042,44.23808394521141
-3.90,1.19,40.345773195876404,44.49886634065216
-3.90,1.19,40.56436082474239,44.7596487360929
-3.90,1.19,40.78294845360837,45.02043113153365
-3.90,1.19,41.00153608247435,45.28121352697439
-3.90,1.19,41.220123711340335,45.54199592241514
-3.90,1.19,41.43871134020632,45.80277831785588
-3.90,1.19,41.6572989690723,46.06356071329663
-3.90,1.19,41.87588659793828,46.324343108737374
-3.90,1.19,42.094474226804266,46.58512550417812
-3.90,1.19,42.31306185567025,46.845907899618865
-3.90,1.19,42.53164948453623,47.106690295059614
-3.90,1.19,42.750237113402214,47.36747269050036
-3.90,1.19,42.9688247422682,47.628255085941106
-3.90,1.19,43.18741237113418,47.88903748138185
-3.90,1.19,43.40600000000016,48.1498198768226
-3.90,1.19,43.624587628866145,48.41060227226334
-3.90,1.19,43.84317525773213,48.67138466770409
-3.90,1.19,44.06176288659811,48.93216706314483
-3.90,1.19,44.28035051546409,49.19294945858558
-3.90,1.19,44.498938144330076,49.45373185402632
-3.90,1.19,44.71752577319606,49.71451424946707
-3.90,1.19,44.93611340206204,49.975296644907814
-3.90,1.19,45.154701030928024,50.236079040348564
-3.90,1.19,45.37328865979401,50.496861435789306
-3.90,1.19,45.59187628865999,50.757643831230055
-3.90,1.19,45.81046391752597,51.018426226670805
-3.90,1.19,46.029051546391955,51.27920862211155
-3.90,1.19,46.24763917525794,51.539991017552296
-3.90,1.19,46.46622680412392,51.80077341299304
-3.90,1.19,46.6848144329899,52.06155580843379
-3.90,1.19,46.903402061855886,52.32233820387453
-3.90,1.19,47.12198969072187,52.58312059931528
-3.90,1.19,47.34057731958785,52.84390299475602
-3.90,1.19,47.559164948453834,53.10468539019677
-3.90,1.19,47.777752577319816,53.36546778563751
-3.90,1.19,47.9963402061858,53.62625018107826
-3.90,1.19,48.21492783505178,53.887032576519005
-3.90,1.19,48.433515463917765,54.147814971959754
-3.90,1.19,48.65210309278375,54.408597367400496
-3.90,1.19,48.87069072164973,54.669379762841245
-3.90,1.19,49.08927835051571,54.93016215828199
-3.90,1.19,49.307865979381695,55.19094455372274
-3.90,1.19,49.52645360824768,55.45172694916348
-3.90,1.19,49.74504123711366,55.71250934460423
-3.90,1.19,49.96362886597964,55.97329174004497
-3.90,1.19,50.182216494845626,56.23407413548572
-3.90,1.19,50.40080412371161,56.49485653092646
-3.90,1.19,50.61939175257759,56.75563892636721
-3.90,1.19,50.837979381443574,57.016421321807954
-3.90,1.19,51.05656701030956,57.2772037172487
-3.90,1.19,51.27515463917554,57.537986112689445
-3.90,1.19,51.49374226804152,57.798768508130195
-3.90,1.19,51.712329896907505,58.05955090357094
-3.90,1.19,51.93091752577349,58.320333299011686
-3.90,1.19,52.14950515463947,58.58111569445243
-3.90,1.19,52.36809278350545,58.84189808989318
-3.90,1.19,52.586680412371436,59.10268048533392
-3.90,1.19,52.80526804123742,59.36346288077467
-3.90,1.19,53.0238556701034,59.62424527621541
-3.90,1.19,53.242443298969384,59.88502767165616
-3.90,1.19,53.46103092783537,60.1458100670969
-3.90,1.19,53.67961855670135,60.40659246253765
-3.90,1.19,53.89820618556733,60.6673748579784
-3.90,1.19,54.116793814433315,60.928157253419144
-3.90,1.19,54.3353814432993,61.18893964885989
-3.90,1.19,54.55396907216528,61.449722044300636
-3.90,1.19,54.77255670103126,61.710504439741385
-3.90,1.19,54.991144329897246,61.97128683518213
-3.90,1.19,55.20973195876323,62.232069230622876
-3.90,1.19,55.42831958762921,62.49285162606362
-3.90,1.19,55.646907216495194,62.75363402150437
-3.90,1.19,55.86549484536118,63.01441641694511
-3.90,1.19,56.08408247422716,63.27519881238586
-3.90,1.19,56.30267010309314,63.5359812078266
-3.90,1.19,56.521257731959125,63.79676360326735
-3.90,1.19,56.73984536082511,64.0575459987081
-3.90,1.19,56.95843298969109,64.31832839414884
-3.90,1.19,57.17702061855707,64.57911078958959
-3.90,1.19,57.395608247423056,64.83989318503033
-3.90,1.19,57.61419587628904,65.10067558047108
-3.90,1.19,57.83278350515502,65.36145797591182
-3.90,1.19,58.051371134021004,65.62224037135258
-3.90,1.19,58.269958762886986,65.88302276679332
-3.90,1.19,58.48854639175297,66.14380516223406
-3.90,1.19,58.70713402061895,66.4045875576748
-3.90,1.19,58.925721649484935,66.66536995311556
-3.90,1.19,59.14430927835092,66.9261523485563
-3.90,1.19,59.3628969072169,67.18693474399704
-3.90,1.19,59.58148453608288,67.44771713943778
-3.90,1.19,59.800072164948865,67.70849953487854
-3.90,1.19,60.01865979381485,67.96928193031928
-3.90,1.19,60.23724742268083,68.23006432576003
-3.90,1.19,60.45583505154681,68.49084672120077
-3.90,1.19,60.674422680412796,68.75162911664152
-3.90,1.19,60.89301030927878,69.01241151208227
-3.90,1.19,61.11159793814476,69.27319390752301
-3.90,1.19,61.330185567010744,69.53397630296375
-3.90,1.19,61.54877319587673,69.79475869840451
-3.90,1.19,61.76736082474271,70.05554109384525
-3.90,1.19,61.98594845360869,70.31632348928599
-3.90,1.19,62.204536082474675,70.57710588472675
-3.90,1.19,62.42312371134066,70.83788828016749
-3.90,1.19,62.64171134020664,71.09867067560823
-3.90,1.19,62.86029896907262,71.35945307104897
-3.90,1.19,63.078886597938606,71.62023546648973
-3.90,1.19,63.29747422680459,71.88101786193047
-3.90,1.19,63.51606185567057,72.14180025737122
-3.90,1.19,63.734649484536554,72.40258265281196
-3.90,1.19,63.95323711340254,72.6633650482527
-3.90,1.19,64.17182474226851,72.92414744369344
-3.90,1.19,64.39041237113449,73.18492983913417
-3.90,1.19,64.60900000000046,73.44571223457491
-3.90,1.19,64.82758762886644,73.70649463001565
-3.90,1.19,65.04617525773241,73.96727702545638
-3.90,1.19,65.26476288659839,74.22805942089713
-3.90,1.19,65.48335051546437,74.48884181633787
-3.90,1.19,65.70193814433034,74.7496242117786
-3.90,1.19,65.92052577319632,75.01040660721934
-3.90,1.19,66.13911340206229,75.27118900266008
-3.90,1.19,66.35770103092827,75.53197139810081
-3.90,1.19,66.57628865979424,75.79275379354155
-3.90,1.19,66.79487628866022,76.05353618898229
-3.90,1.19,67.0134639175262,76.31431858442302
-3.90,1.19,67.23205154639217,76.57510097986376
-3.90,1.19,67.45063917525815,76.8358833753045
-3.90,1.19,67.66922680412412,77.09666577074523
-3.90,1.19,67.8878144329901,77.35744816618597
-3.90,1.19,68.10640206185607,77.61823056162672
-3.90,1.19,68.32498969072205,77.87901295706745
-3.90,1.19,68.54357731958802,78.13979535250819
-3.90,1.19,68.762164948454,78.40057774794892
-3.90,1.19,68.98075257731998,78.66136014338966
-3.90,1.19,69.19934020618595,78.9221425388304
-3.90,1.19,69.41792783505193,79.18292493427113
-3.90,1.19,69.6365154639179,79.44370732971187
-3.90,1.19,69.85510309278388,79.70448972515261
-3.90,1.19,70.07369072164985,79.96527212059334
-3.90,1.19,70.29227835051583,80.22605451603408
-3.90,1.19,70.5108659793818,80.48683691147482
-3.90,1.19,70.72945360824778,80.74761930691555
-3.90,1.19,70.94804123711376,81.0084017023563
-3.90,1.19,71.16662886597973,81.26918409779704
-3.90,1.19,71.38521649484571,81.52996649323777
-3.90,1.19,71.60380412371168,81.79074888867851
-3.90,1.19,71.82239175257766,82.05153128411925
-3.90,1.19,72.04097938144363,82.31231367955998
-3.90,1.19,72.25956701030961,82.57309607500072
-3.90,1.19,72.47815463917559,82.83387847044146
-3.90,1.19,72.69674226804156,83.09466086588219
-3.90,1.19,72.91532989690754,83.35544326132293
-3.90,1.19,73.13391752577351,83.61622565676367
-3.90,1.19,73.35250515463949,83.8770080522044
-3.90,1.19,73.57109278350546,84.13779044764514
-3.90,1.19,73.78968041237144,84.39857284308589
-3.90,1.19,74.00826804123741,84.65935523852662
-3.90,1.19,74.22685567010339,84.92013763396736
-3.90,1.19,74.44544329896937,85.1809200294081
-3.90,1.19,74.66403092783534,85.44170242484883
-3.90,1.19,74.88261855670132,85.70248482028957
-3.90,1.19,75.10120618556729,85.96326721573031
-3.90,1.19,75.31979381443327,86.22404961117104
-3.90,1.19,75.53838144329924,86.48483200661178
-3.90,1.19,75.75696907216522,86.74561440205252
-3.90,1.19,75.9755567010312,87.00639679749325
-3.90,1.19,76.19414432989717,87.267179192934
-3.90,1.19,76.41273195876315,87.52796158837474
-3.90,1.19,76.63131958762912,87.78874398381546
-3.90,1.19,76.8499072164951,88.0495263792562
-3.90,1.19,77.06849484536107,88.31030877469695
-3.90,1.19,77.28708247422705,88.57109117013768
-3.90,1.19,77.50567010309302,88.83187356557842
-3.90,1.19,77.724257731959,89.09265596101916
-3.90,1.19,77.94284536082498,89.35343835645989
-3.90,1.19,78.16143298969095,89.61422075190063
-3.90,1.19,78.38002061855693,89.87500314734137
-3.90,1.19,78.5986082474229,90.1357855427821
-3.90,1.19,78.81719587628888,90.39656793822284
-3.90,1.19,79.03578350515485,90.65735033366359
-3.90,1.19,79.25437113402083,90.91813272910431
-3.90,1.19,79.4729587628868,91.17891512454506
-3.90,1.19,79.69154639175278,91.43969751998578
-3.90,1.19,79.91013402061876,91.70047991542653
-3.90,1.19,80.12872164948473,91.96126231086727
-3.90,1.19,80.3473092783507,92.222044706308
-3.90,1.19,80.56589690721668,92.48282710174874
-3.90,1.19,80.78448453608266,92.74360949718948
-3.90,1.19,81.00307216494863,93.00439189263021
-3.90,1.19,81.22165979381461,93.26517428807095
-3.90,1.19,81.44024742268059,93.5259566835117
-3.90,1.19,81.65883505154656,93.78673907895242
-3.90,1.19,81.87742268041254,94.04752147439316
-3.90,1.19,82.09601030927851,94.3083038698339
-3.90,1.19,82.31459793814449,94.56908626527463
-3.90,1.19,82.53318556701046,94.82986866071538
-3.90,1.19,82.75177319587644,95.09065105615612
-3.90,1.19,82.97036082474241,95.35143345159685
-3.90,1.19,83.18894845360839,95.61221584703759
-3.90,1.19,83.40753608247437,95.87299824247833
-3.90,1.19,83.62612371134034,96.13378063791906
-3.90,1.19,83.84471134020632,96.3945630333598
-3.90,1.19,84.06329896907229,96.65534542880054
-3.90,1.19,84.28188659793827,96.91612782424127
-3.90,1.19,84.50047422680424,97.17691021968201
-3.90,1.19,84.71906185567022,97.43769261512276
-3.90,1.19,84.9376494845362,97.69847501056348
-3.90,1.19,85.15623711340217,97.95925740600423
-3.90,1.19,85.37482474226815,98.22003980144497
-3.90,1.19,85.59341237113412,98.4808221968857
-3.90,1.19,85.8120000000001,98.74160459232644
-3.90,1.19,86.03058762886607,99.00238698776718
-3.90,1.19,86.24917525773205,99.26316938320791
-3.90,1.19,86.46776288659802,99.52395177864865
-3.90,1.19,86.686350515464,99.7847341740894
-3.90,1.19,86.90493814432998,100.04551656953012
-3.90,1.19,87.12352577319595,100.30629896497086
-3.90,1.19,87.34211340206193,100.5670813604116
-3.90,1.19,87.5607010309279,100.82786375585233
-3.90,1.19,87.77928865979388,101.08864615129308
-3.90,1.19,87.99787628865985,101.34942854673382
-3.90,1.19,88.21646391752583,101.61021094217455
-3.90,1.19,88.4350515463918,101.87099333761529
-3.90,1.19,88.65363917525778,102.13177573305603
-3.90,1.19,88.87222680412376,102.39255812849676
-3.90,1.19,89.09081443298973,102.6533405239375
-3.90,1.19,89.3094020618557,102.91412291937824
-3.90,1.19,89.52798969072168,103.17490531481897
-3.90,1.19,89.74657731958766,103.43568771025971
-3.90,1.19,89.96516494845363,103.69647010570046
-3.90,1.19,90.18375257731961,103.95725250114118
-3.90,1.19,90.40234020618558,104.21803489658193
-3.90,1.19,90.62092783505156,104.47881729202265
-3.90,1.19,90.83951546391754,104.7395996874634
-3.90,1.19,91.05810309278351,105.00038208290414
-3.90,1.19,91.27669072164949,105.26116447834487
-3.90,1.19,91.49527835051546,105.52194687378561
-3.90,1.19,91.71386597938144,105.78272926922635
-3.90,1.19,91.93245360824741,106.04351166466708
-3.90,1.19,92.15104123711339,106.30429406010782
-3.90,1.19,92.36962886597937,106.56507645554856
-3.90,1.19,92.58821649484534,106.82585885098929
-3.90,1.19,92.80680412371132,107.08664124643003
-3.90,1.19,93.02539175257729,107.34742364187078
-3.90,1.19,93.24397938144327,107.6082060373115
-3.90,1.19,93.46256701030924,107.86898843275225
-3.90,1.19,93.68115463917522,108.12977082819299
-3.90,1.19,93.8997422680412,108.39055322363372
-3.90,1.19,94.11832989690717,108.65133561907446
-3.90,1.19,94.33691752577315,108.9121180145152
-3.90,1.19,94.55550515463912,109.17290040995593
-3.90,1.19,94.7740927835051,109.43368280539667
-3.90,1.19,94.99268041237107,109.69446520083741
-3.90,1.19,95.21126804123705,109.95524759627814
-3.90,1.19,95.42985567010302,110.21602999171888
-3.90,1.19,95.648443298969,110.47681238715963
-3.90,1.19,95.86703092783497,110.73759478260035
-3.90,1.19,96.08561855670095,110.9983771780411
-3.90,1.19,96.30420618556693,111.25915957348184
-3.90,1.19,96.5227938144329,111.51994196892257
-3.90,1.19,96.74138144329888,111.78072436436331
-3.90,1.19,96.95996907216485,112.04150675980405
-3.90,1.19,97.17855670103083,112.30228915524478
-3.90,1.19,97.3971443298968,112.56307155068552
-3.90,1.19,97.61573195876278,112.82385394612626
-3.90,1.19,97.83431958762876,113.08463634156699
-3.90,1.19,98.05290721649473,113.34541873700773
-3.90,1.19,98.2714948453607,113.60620113244848
-3.90,1.19,98.49008247422668,113.8669835278892
-3.90,1.19,98.70867010309266,114.12776592332995
-3.90,1.19,98.92725773195863,114.38854831877069
-3.90,1.19,99.14584536082461,114.64933071421142
-3.90,1.19,99.36443298969058,114.91011310965216
-3.90,1.19,99.58302061855656,115.1708955050929
-3.90,1.19,99.80160824742254,115.43167790053363
-3.90,1.19,100.02019587628851,115.69246029597437
-3.90,1.19,100.23878350515449,115.95324269141511
-3.90,1.19,100.45737113402046,116.21402508685584
-3.90,1.19,100.67595876288644,116.47480748229658
-3.90,1.19,100.89454639175241,116.73558987773733
-3.90,1.19,101.11313402061839,116.99637227317805
-3.90,1.19,101.33172164948436,117.2571546686188
-3.90,1.19,101.55030927835034,117.51793706405954
-3.90,1.19,101.76889690721632,117.77871945950027
-3.90,1.19,101.98748453608229,118.03950185494101
-3.90,1.19,102.20607216494827,118.30028425038174
-3.90,1.19,102.42465979381424,118.56106664582248
-3.90,1.19,102.64324742268022,118.82184904126322
-3.90,1.19,102.8618350515462,119.08263143670395
-3.90,1.19,103.08042268041217,119.34341383214469
-3.90,1.19,103.29901030927815,119.60419622758543
-3.90,1.19,103.51759793814412,119.86497862302616
-3.90,1.19,103.7361855670101,120.1257610184669
-3.90,1.19,103.95477319587607,120.38654341390765
-3.90,1.19,104.17336082474205,120.64732580934837
-3.90,1.19,104.39194845360802,120.90810820478912
-3.90,1.19,104.610536082474,121.16889060022986
-3.90,1.19,104.82912371133997,121.42967299567059
-3.90,1.19,105.04771134020595,121.69045539111133
-3.90,1.19,105.26629896907193,121.95123778655207
-3.90,1.19,105.4848865979379,122.2120201819928
-3.90,1.19,105.70347422680388,122.47280257743354
-3.90,1.19,105.92206185566985,122.73358497287428
-3.90,1.19,106.14064948453583,122.99436736831501
-3.90,1.19,106.3592371134018,123.25514976375575
-3.90,1.19,106.57782474226778,123.5159321591965
-3.90,1.19,106.79641237113375,123.77671455463722
-3.90,1.19,107.01499999999973,124.03749695007797
-3.90,1.19,107.2335876288657,124.29827934551871
-3.90,1.19,107.45217525773168,124.55906174095944
-3.90,1.19,107.67076288659766,124.81984413640018
-3.90,1.19,107.88935051546363,125.08062653184092
-3.90,1.19,108.10793814432961,125.34140892728165
-3.90,1.19,108.32652577319558,125.60219132272239
-3.90,1.19,108.54511340206156,125.86297371816313
-3.90,1.19,108.76370103092754,126.12375611360386
-3.90,1.19,108.98228865979351,126.3845385090446
-3.90,1.19,109.20087628865949,126.64532090448535
-3.90,1.19,109.41946391752546,126.90610329992607
-3.90,1.19,109.63805154639144,127.16688569536682
-3.90,1.19,109.85663917525741,127.42766809080756
-3.90,1.19,110.07522680412339,127.68845048624829
-3.90,1.19,110.29381443298936,127.94923288168903
-3.90,1.19,110.51240206185534,128.21001527712977
-3.90,1.19,110.73098969072132,128.4707976725705
-3.90,1.19,110.94957731958729,128.73158006801123
-3.90,1.19,111.16816494845327,128.99236246345197
-3.90,1.19,111.38675257731924,129.2531448588927
-3.90,1.19,111.60534020618522,129.51392725433345
-3.90,1.19,111.8239278350512,129.7747096497742
-3.90,1.19,112.04251546391717,130.03549204521494
-3.90,1.19,112.26110309278315,130.29627444065565
-3.90,1.19,112.47969072164912,130.5570568360964
-3.90,1.19,112.6982783505151,130.81783923153714
-3.90,1.19,112.91686597938107,131.07862162697788
-3.90,1.19,113.13545360824705,131.33940402241862
-3.90,1.19,113.35404123711302,131.60018641785936
-3.90,1.19,113.572628865979,131.86096881330008
-3.90,1.19,113.79121649484497,132.12175120874082
-3.90,1.19,114.00980412371095,132.38253360418156
-3.90,1.19,114.22839175257693,132.6433159996223
-3.90,1.19,114.4469793814429,132.90409839506304
-3.90,1.19,114.66556701030888,133.1648807905038
-3.90,1.19,114.88415463917485,133.4256631859445
-3.90,1.19,115.10274226804083,133.68644558138524
-3.90,1.19,115.3213298969068,133.94722797682599
-3.90,1.19,115.53991752577278,134.20801037226673
-3.90,1.19,115.75850515463875,134.46879276770747
-3.90,1.19,115.97709278350473,134.7295751631482
-3.90,1.19,116.1956804123707,134.99035755858893
-3.90,1.19,116.41426804123668,135.25113995402967
-3.90,1.19,116.63285567010266,135.5119223494704
-3.90,1.19,116.85144329896863,135.77270474491115
-3.90,1.19,117.07003092783461,136.0334871403519
-3.90,1.19,117.28861855670058,136.29426953579264
-3.90,1.19,117.50720618556656,136.55505193123335
-3.90,1.19,117.72579381443254,136.8158343266741
-3.90,1.19,117.94438144329851,137.07661672211484
-3.90,1.19,118.16296907216449,137.33739911755558
-3.90,1.19,118.38155670103046,137.59818151299632
-3.90,1.19,118.60014432989644,137.85896390843703
-3.90,1.19,118.81873195876241,138.11974630387778
-3.90,1.19,119.03731958762839,138.38052869931852
-3.90,1.19,119.25590721649436,138.64131109475926
-3.90,1.19,119.47449484536034,138.9020934902
-3.90,1.19,119.69308247422632,139.16287588564074
-3.90,1.19,119.91167010309229,139.42365828108146
-3.90,1.19,120.13025773195827,139.6844406765222
-3.90,1.19,120.34884536082424,139.94522307196294
-3.90,1.19,120.56743298969022,140.20600546740368
-3.90,1.19,120.7860206185562,140.46678786284443
-3.90,1.19,121.00460824742217,140.72757025828517
-3.90,1.19,121.22319587628814,140.98835265372588
-3.90,1.19,121.44178350515412,141.24913504916663
-3.90,1.19,121.6603711340201,141.50991744460737
-3.90,1.19,121.87895876288607,141.7706998400481
-3.90,1.19,122.09754639175205,142.03148223548885
-3.90,1.19,122.31613402061802,142.2922646309296
-3.90,1.19,122.534721649484,142.5530470263703
-3.90,1.19,122.75330927834997,142.81382942181105
-3.90,1.19,122.97189690721595,143.0746118172518
-3.90,1.19,123.19048453608193,143.33539421269253
-3.90,1.19,123.4090721649479,143.59617660813328
-3.90,1.19,123.62765979381388,143.85695900357402
-3.90,1.19,123.84624742267985,144.11774139901473
-3.90,1.19,124.06483505154583,144.37852379445548
-3.90,1.19,124.2834226804118,144.63930618989622
-3.90,1.19,124.50201030927778,144.90008858533696
-3.90,1.19,124.72059793814375,145.1608709807777
-3.90,1.19,124.93918556700973,145.42165337621844
-3.90,1.19,125.1577731958757,145.68243577165916
-3.90,1.19,125.37636082474168,145.9432181670999
-3.90,1.19,125.59494845360766,146.20400056254064
-3.90,1.19,125.81353608247363,146.46478295798138
-3.90,1.19,126.03212371133961,146.72556535342213
-3.90,1.19,126.25071134020558,146.98634774886287
-3.90,1.19,126.46929896907156,147.24713014430358
-3.90,1.19,126.68788659793753,147.50791253974432
-3.90,1.19,126.90647422680351,147.76869493518507
-3.90,1.19,127.12506185566949,148.0294773306258
-3.90,1.19,127.34364948453546,148.29025972606655
-3.90,1.19,127.56223711340144,148.5510421215073
-3.90,1.19,127.78082474226741,148.811824516948
-3.90,1.19,127.99941237113339,149.07260691238875
-3.90,1.19,128.21799999999936,149.3333893078295
-3.90,1.19,128.43658762886534,149.59417170327023
-3.90,1.19,128.65517525773132,149.85495409871098
-3.90,1.19,128.8737628865973,150.11573649415172
-3.90,1.19,129.09235051546327,150.37651888959243
-3.90,1.19,129.31093814432924,150.63730128503317
-3.90,1.19,129.52952577319522,150.89808368047392
-3.90,1.19,129.7481134020612,151.15886607591466
-3.90,1.19,129.96670103092717,151.4196484713554
-3.90,1.19,130.18528865979314,151.68043086679612
-3.90,1.19,130.40387628865912,151.94121326223686
-3.90,1.19,130.6224639175251,152.2019956576776
-3.90,1.19,130.84105154639107,152.46277805311834
-3.90,1.19,131.05963917525705,152.72356044855908
-3.90,1.19,131.27822680412302,152.98434284399983
-3.90,1.19,131.496814432989,153.24512523944054
-3.90,1.19,131.71540206185497,153.50590763488128
-3.90,1.19,131.93398969072095,153.76669003032202
-3.90,1.19,132.15257731958692,154.02747242576277
-3.90,1.19,132.3711649484529,154.2882548212035
-3.90,1.19,132.58975257731888,154.54903721664425
-3.90,1.19,132.80834020618485,154.80981961208497
-3.90,1.19,133.02692783505083,155.0706020075257
-3.90,1.19,133.2455154639168,155.33138440296645
-3.90,1.19,133.46410309278278,155.5921667984072
-3.90,1.19,133.68269072164875,155.85294919384793
-3.90,1.19,133.90127835051473,156.11373158928868
-3.90,1.19,134.1198659793807,156.3745139847294
-3.90,1.19,134.33845360824668,156.63529638017013
-3.90,1.19,134.55704123711266,156.89607877561087
-3.90,1.19,134.77562886597863,157.15686117105162
-3.90,1.19,134.9942164948446,157.41764356649236
-3.90,1.19,135.21280412371058,157.6784259619331
-3.90,1.19,135.43139175257656,157.93920835737381
-3.90,1.19,135.64997938144253,158.19999075281456
-3.90,1.19,135.8685670103085,158.4607731482553
-3.90,1.19,136.08715463917449,158.72155554369604
-3.90,1.19,136.30574226804046,158.98233793913678
-3.90,1.19,136.52432989690644,159.24312033457753
-3.90,1.19,136.7429175257724,159.50390273001824
-3.90,1.19,136.9615051546384,159.76468512545898
-3.90,1.19,137.18009278350436,160.02546752089972
-3.90,1.19,137.39868041237034,160.28624991634047
-3.90,1.19,137.61726804123631,160.5470323117812
-3.90,1.19,137.8358556701023,160.80781470722195
-3.90,1.19,138.05444329896827,161.06859710266266
-3.90,1.19,138.27303092783424,161.3293794981034
-3.90,1.19,138.49161855670022,161.59016189354415
-3.90,1.19,138.7102061855662,161.8509442889849
-3.90,1.19,138.92879381443217,162.11172668442563
-3.90,1.19,139.14738144329814,162.37250907986638
-3.90,1.19,139.36596907216412,162.6332914753071
-3.90,1.19,139.5845567010301,162.89407387074783
-3.90,1.19,139.80314432989607,163.15485626618857
-3.90,1.19,140.02173195876205,163.41563866162932
-3.90,1.19,140.24031958762802,163.67642105707006
-3.90,1.19,140.458907216494,163.9372034525108
-3.90,1.19,140.67749484535997,164.19798584795151
-3.90,1.19,140.89608247422595,164.45876824339226
-3.90,1.19,141.11467010309192,164.719550638833
-3.90,1.19,141.3332577319579,164.98033303427374
-3.90,1.19,141.55184536082388,165.24111542971448
-3.90,1.19,141.77043298968985,165.5018978251552
-3.90,1.19,141.98902061855583,165.76268022059594
-3.90,1.19,142.2076082474218,166.02346261603668
-3.90,1.19,142.42619587628778,166.28424501147742
-3.90,1.19,142.64478350515375,166.54502740691817
-3.90,1.19,142.86337113401973,166.8058098023589
-3.90,1.19,143.0819587628857,167.06659219779962
-3.90,1.19,143.30054639175168,167.32737459324036
-3.90,1.19,143.51913402061766,167.5881569886811
-3.90,1.19,143.73772164948363,167.84893938412185
-3.90,1.19,143.9563092783496,168.1097217795626
-3.90,1.19,144.17489690721558,168.37050417500333
-3.90,1.19,144.39348453608156,168.63128657044405
-3.90,1.19,144.61207216494753,168.8920689658848
-3.90,1.19,144.8306597938135,169.15285136132553
-3.90,1.19,145.04924742267949,169.41363375676627
-3.90,1.19,145.26783505154546,169.67441615220702
-3.90,1.19,145.48642268041144,169.93519854764776
-3.90,1.19,145.7050103092774,170.19598094308847
-3.90,1.19,145.9235979381434,170.4567633385292
-3.90,1.19,146.14218556700936,170.71754573396996
-3.90,1.19,146.36077319587534,170.9783281294107
-3.90,1.19,146.57936082474131,171.23911052485144
-3.90,1.19,146.7979484536073,171.49989292029218
-3.90,1.19,147.01653608247327,171.7606753157329
-3.90,1.19,147.23512371133924,172.02145771117364
-3.90,1.19,147.45371134020522,172.28224010661438
-3.90,1.19,147.6722989690712,172.54302250205512
-3.90,1.19,147.89088659793717,172.80380489749587
-3.90,1.19,148.10947422680314,173.0645872929366
-3.90,1.19,148.32806185566912,173.32536968837732
-3.90,1.19,148.5466494845351,173.58615208381806
-3.90,1.19,148.76523711340107,173.8469344792588
-3.90,1.19,148.98382474226705,174.10771687469955
-3.90,1.19,149.20241237113302,174.3684992701403
-3.90,1.19,149.420999999999,174.62928166558103
-3.90,1.19,149.63958762886497,174.89006406102175
-3.90,1.19,149.85817525773095,175.1508464564625
-3.90,1.19,150.07676288659692,175.41162885190323
-3.90,1.19,150.2953505154629,175.67241124734397
-3.90,1.19,150.51393814432888,175.93319364278472
-3.90,1.19,150.73252577319485,176.19397603822546
-3.90,1.19,150.95111340206083,176.45475843366617
-3.90,1.19,151.1697010309268,176.7155408291069
-3.90,1.19,151.38828865979278,176.97632322454766
-3.90,1.19,151.60687628865875,177.2371056199884
-3.90,1.19,151.82546391752473,177.49788801542914
-3.90,1.19,152.0440515463907,177.75867041086985
-3.90,1.19,152.26263917525668,178.0194528063106
-3.90,1.19,152.48122680412266,178.28023520175134
-3.90,1.19,152.69981443298863,178.54101759719208
-3.90,1.19,152.9184020618546,178.80179999263282
-3.90,1.19,153.13698969072058,179.06258238807357
-3.90,1.19,153.35557731958656,179.32336478351428
-3.90,1.19,153.57416494845253,179.58414717895502
-3.90,1.19,153.7927525773185,179.84492957439576
-3.90,1.19,154.01134020618449,180.1057119698365
-3.90,1.19,154.22992783505046,180.36649436527725
-3.90,1.19,154.44851546391644,180.627276760718
-3.90,1.19,154.6671030927824,180.8880591561587
-3.90,1.19,154.8856907216484,181.14884155159945
-3.90,1.19,155.10427835051436,181.4096239470402
-3.90,1.19,155.32286597938034,181.67040634248093
-3.90,1.19,155.54145360824631,181.93118873792167
-3.90,1.19,155.7600412371123,182.19197113336242
-3.90,1.19,155.97862886597827,182.45275352880313
-3.90,1.19,156.19721649484424,182.71353592424387
-3.90,1.19,156.41580412371022,182.9743183196846
-3.90,1.19,156.6343917525762,183.23510071512536
-3.90,1.19,156.85297938144217,183.4958831105661
-3.90,1.19,157.07156701030814,183.75666550600684
-3.90,1.19,157.29015463917412,184.01744790144755
-3.90,1.19,157.5087422680401,184.2782302968883
-3.90,1.19,157.72732989690607,184.53901269232904
-3.90,1.19,157.94591752577205,184.79979508776978
-3.90,1.19,158.16450515463802,185.06057748321052
-3.90,1.19,158.383092783504,185.32135987865126
-3.90,1.19,158.60168041236997,185.58214227409198
-3.90,1.19,158.82026804123595,185.84292466953272
-3.90,1.19,159.03885567010192,186.10370706497346
-3.90,1.19,159.2574432989679,186.3644894604142
-3.90,1.19,159.47603092783388,186.62527185585495
-3.90,1.19,159.69461855669985,186.8860542512957
-3.90,1.19,159.91320618556583,187.1468366467364
-3.90,1.19,160.1317938144318,187.40761904217715
-3.90,1.19,160.35038144329778,187.6684014376179
-3.90,1.19,160.56896907216375,187.92918383305863
-3.90,1.19,160.78755670102973,188.18996622849937
-3.90,1.19,161.0061443298957,188.45074862394011
-3.90,1.19,161.22473195876168,188.71153101938083
-3.90,1.19,161.44331958762766,188.97231341482157
-3.90,1.19,161.66190721649363,189.2330958102623
-3.90,1.19,161.8804948453596,189.49387820570306
-3.90,1.19,162.09908247422558,189.7546606011438
-3.90,1.19,162.31767010309156,190.01544299658454
-3.90,1.19,162.53625773195753,190.27622539202525
-3.90,1.19,162.7548453608235,190.537007787466
-3.90,1.19,162.97343298968948,190.79779018290674
-3.90,1.19,163.19202061855546,191.05857257834748
-3.90,1.19,163.41060824742144,191.31935497378822
-3.90,1.19,163.6291958762874,191.58013736922894
-3.90,1.19,163.8477835051534,191.84091976466968
-3.90,1.19,164.06637113401936,192.10170216011042
-3.90,1.19,164.28495876288534,192.36248455555116
-3.90,1.19,164.5035463917513,192.6232669509919
-3.90,1.19,164.7221340206173,192.88404934643265
-3.90,1.19,164.94072164948327,193.14483174187336
-3.90,1.19,165.15930927834924,193.4056141373141
-3.90,1.19,165.37789690721522,193.66639653275485
-3.90,1.19,165.5964845360812,193.9271789281956
-3.90,1.19,165.81507216494717,194.18796132363633
-3.90,1.19,166.03365979381314,194.44874371907707
-3.90,1.19,166.25224742267912,194.7095261145178
-3.90,1.19,166.4708350515451,194.97030850995853
-3.90,1.19,166.68942268041107,195.23109090539927
-3.90,1.19,166.90801030927705,195.49187330084
-3.90,1.19,167.12659793814302,195.75265569628075
-3.90,1.19,167.345185567009,196.0134380917215
-3.90,1.19,167.56377319587497,196.2742204871622
-3.90,1.19,167.78236082474095,196.53500288260295
-3.90,1.19,168.00094845360692,196.7957852780437
-3.90,1.19,168.2195360824729,197.05656767348444
-3.90,1.19,168.43812371133887,197.31735006892518
-3.90,1.19,168.65671134020485,197.57813246436592
-3.90,1.19,168.87529896907083,197.83891485980664
-3.90,1.19,169.0938865979368,198.09969725524738
-3.90,1.19,169.31247422680278,198.36047965068812
-3.90,1.19,169.53106185566875,198.62126204612886
-3.90,1.19,169.74964948453473,198.8820444415696
-3.90,1.19,169.9682371134007,199.14282683701035
-3.90,1.19,170.18682474226668,199.40360923245106
-3.90,1.19,170.40541237113266,199.6643916278918
-3.90,1.19,170.62399999999863,199.92517402333254
-3.90,1.19,170.8425876288646,200.1859564187733
-3.90,1.19,171.06117525773058,200.44673881421403
-3.90,1.19,171.27976288659656,200.70752120965477
-3.90,1.19,171.49835051546253,200.96830360509549
-3.90,1.19,171.7169381443285,201.22908600053623
-3.90,1.19,171.93552577319448,201.48986839597697
-3.90,1.19,172.15411340206046,201.7506507914177
-3.90,1.19,172.37270103092644,202.01143318685845
-3.90,1.19,172.5912886597924,202.2722155822992
-3.90,1.19,172.8098762886584,202.5329979777399
-3.90,1.19,173.02846391752436,202.79378037318065
-3.90,1.19,173.24705154639034,203.0545627686214
-3.90,1.19,173.4656391752563,203.31534516406214
-3.90,1.19,173.6842268041223,203.57612755950288
-3.90,1.19,173.90281443298827,203.83690995494362
-3.90,1.19,174.12140206185424,204.09769235038434
-3.90,1.19,174.33998969072022,204.35847474582508
-3.90,1.19,174.5585773195862,204.61925714126582
-3.90,1.19,174.77716494845217,204.88003953670656
-3.90,1.19,174.99575257731814,205.1408219321473
-3.90,1.19,175.21434020618412,205.40160432758802
-3.90,1.19,175.4329278350501,205.66238672302876
-3.90,1.19,175.65151546391607,205.9231691184695
-3.90,1.19,175.87010309278205,206.18395151391024
-3.90,1.19,176.08869072164802,206.444733909351
-3.90,1.19,176.307278350514,206.70551630479173
-3.90,1.19,176.52586597937997,206.96629870023244
-3.90,1.19,176.74445360824595,207.22708109567319
-3.90,1.19,176.96304123711192,207.48786349111393
-3.90,1.19,177.1816288659779,207.74864588655467
-3.90,1.19,177.40021649484387,208.0094282819954
-3.90,1.19,177.61880412370985,208.27021067743615
-3.90,1.19,177.83739175257583,208.53099307287687
-3.90,1.19,178.0559793814418,208.7917754683176
-3.90,1.19,178.27456701030778,209.05255786375835
-3.90,1.19,178.49315463917375,209.3133402591991
-3.90,1.19,178.71174226803973,209.57412265463984
-3.90,1.19,178.9303298969057,209.83490505008058
-3.90,1.19,179.14891752577168,210.0956874455213
-3.90,1.19,179.36750515463766,210.35646984096203
-3.90,1.19,179.58609278350363,210.61725223640278
-3.90,1.19,179.8046804123696,210.87803463184352
-3.90,1.19,180.02326804123558,211.13881702728426
-3.90,1.19,180.24185567010156,211.399599422725
-3.90,1.19,180.46044329896753,211.66038181816572
-3.90,1.19,180.6790309278335,211.92116421360646
-3.90,1.19,180.89761855669948,212.1819466090472
-3.90,1.19,181.11620618556546,212.44272900448794
-3.90,1.19,181.33479381443144,212.7035113999287
-3.90,1.19,181.5533814432974,212.96429379536943
-3.90,1.19,181.7719690721634,213.22507619081014
-3.90,1.19,181.99055670102936,213.48585858625088
-3.90,1.19,182.20914432989534,213.74664098169163
-3.90,1.19,182.4277319587613,214.00742337713237
-3.90,1.19,182.6463195876273,214.2682057725731
-3.90,1.19,182.86490721649326,214.52898816801385
-3.90,1.19,183.08349484535924,214.78977056345457
-3.90,1.19,183.30208247422522,215.0505529588953
-3.90,1.19,183.5206701030912,215.31133535433605
-3.90,1.19,183.73925773195717,215.5721177497768
-3.90,1.19,183.95784536082314,215.83290014521754
-3.90,1.19,184.17643298968912,216.09368254065828
-3.90,1.19,184.3950206185551,216.354464936099
-3.90,1.19,184.61360824742107,216.61524733153973
-3.90,1.19,184.83219587628705,216.87602972698048
-3.90,1.19,185.05078350515302,217.13681212242122
-3.90,1.19,185.269371134019,217.39759451786196
-3.90,1.19,185.48795876288497,217.65837691330267
-3.90,1.19,185.70654639175095,217.91915930874342
-3.90,1.19,185.92513402061692,218.17994170418416
-3.90,1.19,186.1437216494829,218.4407240996249
-3.90,1.19,186.36230927834887,218.70150649506564
-3.90,1.19,186.58089690721485,218.9622888905064
-3.90,1.19,186.79948453608083,219.2230712859471
-3.90,1.19,187.0180721649468,219.48385368138784
-3.90,1.19,187.23665979381278,219.74463607682858
-3.90,1.19,187.45524742267875,220.00541847226933
-3.90,1.19,187.67383505154473,220.26620086771007
-3.90,1.19,187.8924226804107,220.5269832631508
-3.90,1.19,188.11101030927668,220.78776565859152
-3.90,1.19,188.32959793814265,221.04854805403227
-3.90,1.19,188.54818556700863,221.309330449473
-3.90,1.19,188.7667731958746,221.57011284491375
-3.90,1.19,188.98536082474058,221.8308952403545
-3.90,1.19,189.20394845360656,222.09167763579524
-3.90,1.19,189.42253608247253,222.35246003123595
-3.90,1.19,189.6411237113385,222.6132424266767
-3.90,1.19,189.85971134020448,222.87402482211743
-3.90,1.19,190.07829896907046,223.13480721755818
-3.90,1.19,190.29688659793644,223.39558961299892
-3.90,1.19,190.5154742268024,223.65637200843966
-3.90,1.19,190.7340618556684,223.91715440388037
-3.90,1.19,190.95264948453436,224.17793679932112
-3.90,1.19,191.17123711340034,224.43871919476186
-3.90,1.19,191.3898247422663,224.6995015902026
-3.90,1.19,191.6084123711323,224.96028398564334
-3.90,1.19,191.82699999999826,225.22106638108409
-3.90,1.19,192.04558762886424,225.4818487765248
-3.90,1.19,192.26417525773022,225.74263117196554
-3.90,1.19,192.4827628865962,226.00341356740628
-3.90,1.19,192.70135051546217,226.26419596284703
-3.90,1.19,192.91993814432814,226.52497835828777
-3.90,1.19,193.13852577319412,226.7857607537285
-3.90,1.19,193.3571134020601,227.04654314916922
-3.90,1.19,193.57570103092607,227.30732554460997
-3.90,1.19,193.79428865979204,227.5681079400507
-3.90,1.19,194.01287628865802,227.82889033549145
-3.90,1.19,194.231463917524,228.0896727309322
-3.90,1.19,194.45005154638997,228.35045512637294
-3.90,1.19,194.66863917525595,228.61123752181365
-3.90,1.19,194.88722680412192,228.8720199172544
-3.90,1.19,195.1058144329879,229.13280231269513
-3.90,1.19,195.32440206185387,229.39358470813588
-3.90,1.19,195.54298969071985,229.65436710357662
-3.90,1.19,195.76157731958583,229.91514949901736
-3.90,1.19,195.9801649484518,230.17593189445807
-3.90,1.19,196.19875257731778,230.43671428989882
-3.90,1.19,196.41734020618375,230.69749668533956
-3.90,1.19,196.63592783504973,230.9582790807803
-3.90,1.19,196.8545154639157,231.21906147622104
-3.90,1.19,197.07310309278168,231.47984387166176
-3.90,1.19,197.29169072164765,231.7406262671025
-3.90,1.19,197.51027835051363,232.00140866254324
-3.90,1.19,197.7288659793796,232.26219105798398
-3.90,1.19,197.94745360824558,232.52297345342473
-3.90,1.19,198.16604123711156,232.78375584886547
-3.90,1.19,198.38462886597753,233.04453824430618
-3.90,1.19,198.6032164948435,233.30532063974692
-3.90,1.19,198.82180412370948,233.56610303518767
-3.90,1.19,199.04039175257546,233.8268854306284
-3.90,1.19,199.25897938144143,234.08766782606915
-3.90,1.19,199.4775670103074,234.3484502215099
-3.90,1.19,199.6961546391734,234.6092326169506
-3.90,1.19,199.91474226803936,234.87001501239135
-3.90,1.19,200.13332989690534,235.1307974078321
-3.90,1.19,200.3519175257713,235.39157980327283
-3.90,1.19,200.5705051546373,235.65236219871358
-3.90,1.19,200.78909278350326,235.91314459415432
-3.90,1.19,201.00768041236924,236.17392698959503
-3.90,1.19,201.22626804123522,236.43470938503577
-3.90,1.19,201.4448556701012,236.69549178047652
-3.90,1.19,201.66344329896717,236.95627417591726
-3.90,1.19,201.88203092783314,237.217056571358
-3.90,1.19,202.10061855669912,237.47783896679874
-3.90,1.19,202.3192061855651,237.73862136223946
-3.90,1.19,202.53779381443107,237.9994037576802
-3.90,1.19,202.75638144329704,238.26018615312094
-3.90,1.19,202.97496907216302,238.52096854856168
-3.90,1.19,203.193556701029,238.78175094400243
-3.90,1.19,203.41214432989497,239.04253333944317
-3.90,1.19,203.63073195876095,239.30331573488388
-3.90,1.19,203.84931958762692,239.56409813032462
-3.90,1.19,204.0679072164929,239.82488052576537
-3.90,1.19,204.28649484535887,240.0856629212061
-3.90,1.19,204.50508247422485,240.34644531664685
-3.90,1.19,204.72367010309083,240.6072277120876
-3.90,1.19,204.9422577319568,240.8680101075283
-3.90,1.19,205.16084536082278,241.12879250296905
-3.90,1.19,205.37943298968875,241.3895748984098
-3.90,1.19,205.59802061855473,241.65035729385053
-3.90,1.19,205.8166082474207,241.91113968929128
-3.90,1.19,206.03519587628668,242.17192208473202
-3.90,1.19,206.25378350515265,242.43270448017273
-3.90,1.19,206.47237113401863,242.69348687561347
-3.90,1.19,206.6909587628846,242.95426927105422
-3.90,1.19,206.90954639175058,243.21505166649496
-3.90,1.19,207.12813402061656,243.4758340619357
-3.90,1.19,207.34672164948253,243.73661645737644
-3.90,1.19,207.5653092783485,243.99739885281716
-3.90,1.19,207.78389690721448,244.2581812482579
-3.90,1.19,208.00248453608046,244.51896364369864
-3.90,1.19,208.22107216494643,244.77974603913938
-3.90,1.19,208.4396597938124,245.04052843458012
-3.90,1.19,208.6582474226784,245.30131083002084
-3.90,1.19,208.87683505154436,245.56209322546158
-3.90,1.19,209.09542268041034,245.82287562090232
-3.90,1.19,209.3140103092763,246.08365801634307
-3.90,1.19,209.5325979381423,246.3444404117838
-3.90,1.19,209.75118556700826,246.60522280722455
-3.90,1.19,209.96977319587424,246.86600520266526
-3.90,1.19,210.18836082474022,247.126787598106
-3.90,1.19,210.4069484536062,247.38756999354675
-3.90,1.19,210.62553608247217,247.6483523889875
-3.90,1.19,210.84412371133814,247.90913478442823
-3.90,1.19,211.06271134020412,248.16991717986897
-3.90,1.19,211.2812989690701,248.4306995753097
-3.90,1.19,211.49988659793607,248.69148197075043
-3.90,1.19,211.71847422680204,248.95226436619117
-3.90,1.19,211.93706185566802,249.21304676163192
-3.90,1.19,212.155649484534,249.47382915707266
-3.90,1.19,212.37423711339997,249.7346115525134
-3.90,1.19,212.59282474226595,249.9953939479541
-3.90,1.19,212.81141237113192,250.25617634339486
-3.90,1.19,213.0299999999979,250.5169587388356
-3.90,1.19,213.24858762886387,250.77774113427634
-3.90,1.19,213.46717525772985,251.03852352971708
-3.90,1.19,213.68576288659582,251.29930592515782
-3.90,1.19,213.9043505154618,251.56008832059854
-3.90,1.19,214.12293814432778,251.82087071603928
-3.90,1.19,214.34152577319375,252.08165311148002
-3.90,1.19,214.56011340205973,252.34243550692076
-3.90,1.19,214.7787010309257,252.6032179023615
-3.90,1.19,214.99728865979168,252.86400029780225
-3.90,1.19,215.21587628865765,253.12478269324296
-3.90,1.19,215.43446391752363,253.3855650886837
-3.90,1.19,215.6530515463896,253.64634748412445
-3.90,1.19,215.87163917525558,253.9071298795652
-3.90,1.19,216.09022680412156,254.16791227500593
-3.90,1.19,216.30881443298753,254.42869467044667
-3.90,1.19,216.5274020618535,254.6894770658874
-3.90,1.19,216.74598969071948,254.95025946132813
-3.90,1.19,216.96457731958546,255.21104185676887
-3.90,1.19,217.18316494845143,255.47182425220961
-3.90,1.19,217.4017525773174,255.73260664765036
-3.90,1.19,217.62034020618339,255.9933890430911
-3.90,1.19,217.83892783504936,256.25417143853184
-3.90,1.19,218.05751546391534,256.5149538339726
-3.90,1.19,218.2761030927813,256.7757362294133
-3.90,1.19,218.4946907216473,257.036518624854
-3.90,1.19,218.71327835051326,257.29730102029475
-3.90,1.19,218.93186597937924,257.5580834157355
-3.90,1.19,219.15045360824521,257.81886581117624
-3.90,1.19,219.3690412371112,258.079648206617
-3.90,1.19,219.58762886597717,258.3404306020577
-3.90,1.19,219.80621649484314,258.60121299749846
-3.90,1.19,220.02480412370912,258.8619953929392
-3.90,1.19,220.2433917525751,259.12277778837995
-3.90,1.19,220.46197938144107,259.3835601838207
-3.90,1.19,220.68056701030704,259.64434257926143
-3.90,1.19,220.89915463917302,259.9051249747021
-3.90,1.19,221.117742268039,260.16590737014286
-3.90,1.19,221.33632989690497,260.4266897655836
-3.90,1.19,221.55491752577095,260.68747216102435
-3.90,1.19,221.77350515463692,260.9482545564651
-3.90,1.19,221.9920927835029,261.20903695190583
-3.90,1.19,222.21068041236887,261.4698193473466
-3.90,1.19,222.42926804123485,261.7306017427873
-3.90,1.19,222.64785567010082,261.99138413822806
-3.90,1.19,222.8664432989668,262.2521665336688
-3.90,1.19,223.08503092783278,262.51294892910954
-3.90,1.19,223.30361855669875,262.7737313245503
-3.90,1.19,223.52220618556473,263.03451371999097
-3.90,1.19,223.7407938144307,263.2952961154317
-3.90,1.19,223.95938144329668,263.55607851087245
-3.90,1.19,224.17796907216265,263.8168609063132
-3.90,1.19,224.39655670102863,264.07764330175394
-3.90,1.19,224.6151443298946,264.3384256971947
-3.90,1.19,224.83373195876058,264.5992080926354
-3.90,1.19,225.05231958762656,264.85999048807616
-3.90,1.19,225.27090721649253,265.1207728835169
-3.90,1.19,225.4894948453585,265.38155527895765
-3.90,1.19,225.70808247422448,265.6423376743984
-3.90,1.19,225.92667010309046,265.90312006983913
-3.90,1.19,226.14525773195643,266.1639024652798
-3.90,1.19,226.3638453608224,266.42468486072056
-3.90,1.19,226.58243298968839,266.6854672561613
-3.90,1.19,226.80102061855436,266.94624965160205
-3.90,1.19,227.01960824742034,267.2070320470428
-3.90,1.19,227.2381958762863,267.46781444248353
-3.90,1.19,227.4567835051523,267.7285968379243
-3.90,1.19,227.67537113401826,267.989379233365
-3.90,1.19,227.89395876288424,268.25016162880576
-3.90,1.19,228.11254639175021,268.5109440242465
-3.90,1.19,228.3311340206162,268.77172641968724
-3.90,1.19,228.54972164948217,269.032508815128
-3.90,1.19,228.76830927834814,269.29329121056867
-3.90,1.19,228.98689690721412,269.5540736060094
-3.90,1.19,229.2054845360801,269.81485600145015
-3.90,1.19,229.42407216494607,270.0756383968909
-3.90,1.19,229.64265979381204,270.33642079233164
-3.90,1.19,229.86124742267802,270.5972031877724
-3.90,1.19,230.079835051544,270.8579855832131
-3.90,1.19,230.29842268040997,271.11876797865386
-3.90,1.19,230.51701030927595,271.3795503740946
-3.90,1.19,230.73559793814192,271.64033276953535
-3.90,1.19,230.9541855670079,271.9011151649761
-3.90,1.19,231.17277319587387,272.1618975604168
-3.90,1.19,231.39136082473985,272.4226799558575
-3.90,1.19,231.60994845360582,272.68346235129826
-3.90,1.19,231.8285360824718,272.944244746739
-3.90,1.19,232.04712371133778,273.20502714217974
-3.90,1.19,232.26571134020375,273.4658095376205
-3.90,1.19,232.48429896906973,273.72659193306123
-3.90,1.19,232.7028865979357,273.98737432850197
-3.90,1.19,232.92147422680168,274.2481567239427
-3.90,1.19,233.14006185566765,274.50893911938346
-3.90,1.19,233.35864948453363,274.7697215148242
-3.90,1.19,233.5772371133996,275.03050391026494
-3.90,1.19,233.79582474226558,275.2912863057056
-3.90,1.19,234.01441237113156,275.55206870114637
-3.90,1.19,234.23299999999753,275.8128510965871
-3.90,1.19,234.4515876288635,276.07363349202785
-3.90,1.19,234.67017525772948,276.3344158874686
-3.90,1.19,234.88876288659546,276.59519828290934
-3.90,1.19,235.10735051546143,276.8559806783501
-3.90,1.19,235.3259381443274,277.1167630737908
-3.90,1.19,235.54452577319339,277.37754546923156
-3.90,1.19,235.76311340205936,277.6383278646723
-3.90,1.19,235.98170103092534,277.89911026011305
-3.90,1.19,236.2002886597913,278.1598926555538
-3.90,1.19,236.4188762886573,278.4206750509945
-3.90,1.19,236.63746391752326,278.6814574464352
-3.90,1.19,236.85605154638924,278.94223984187596
-3.90,1.19,237.07463917525521,279.2030222373167
-3.90,1.19,237.2932268041212,279.46380463275744
-3.90,1.19,237.51181443298717,279.7245870281982
-3.90,1.19,237.73040206185314,279.98536942363893
-3.90,1.19,237.94898969071912,280.24615181907967
-3.90,1.19,238.1675773195851,280.5069342145204
-3.90,1.19,238.38616494845107,280.76771660996116
-3.90,1.19,238.60475257731704,281.0284990054019
-3.90,1.19,238.82334020618302,281.28928140084264
-3.90,1.19,239.041927835049,281.5500637962833
-3.90,1.19,239.26051546391497,281.81084619172407
-3.90,1.19,239.47910309278095,282.0716285871648
-3.90,1.19,239.69769072164692,282.33241098260555
-3.90,1.19,239.9162783505129,282.5931933780463
-3.90,1.19,240.13486597937887,282.85397577348704
-3.90,1.19,240.35345360824485,283.1147581689278
-3.90,1.19,240.57204123711082,283.3755405643685
-3.90,1.19,240.7906288659768,283.63632295980926
-3.90,1.19,241.00921649484278,283.89710535525
-3.90,1.19,241.22780412370875,284.15788775069075
-3.90,1.19,241.44639175257473,284.41867014613143
-3.90,1.19,241.6649793814407,284.6794525415722
-3.90,1.19,241.88356701030668,284.9402349370129
-3.90,1.19,242.10215463917265,285.20101733245366
-3.90,1.19,242.32074226803863,285.4617997278944
-3.90,1.19,242.5393298969046,285.72258212333514
-3.90,1.19,242.75791752577058,285.9833645187759
-3.90,1.19,242.97650515463656,286.2441469142166
-3.90,1.19,243.19509278350253,286.50492930965737
-3.90,1.19,243.4136804123685,286.7657117050981
-3.90,1.19,243.63226804123448,287.02649410053886
-3.90,1.19,243.85085567010046,287.2872764959796
-3.90,1.19,244.06944329896643,287.5480588914203
-3.90,1.19,244.2880309278324,287.808841286861
-3.90,1.19,244.50661855669838,288.06962368230177
-3.90,1.19,244.72520618556436,288.3304060777425
-3.90,1.19,244.94379381443034,288.59118847318325
-3.90,1.19,245.1623814432963,288.851970868624
-3.90,1.19,245.3809690721623,289.11275326406474
-3.90,1.19,245.59955670102826,289.3735356595055
-3.90,1.19,245.81814432989424,289.6343180549462
-3.90,1.19,246.0367319587602,289.89510045038696
-3.90,1.19,246.2553195876262,290.1558828458277
-3.90,1.19,246.47390721649217,290.41666524126845
-3.90,1.19,246.69249484535814,290.67744763670913
-3.90,1.19,246.91108247422412,290.9382300321499
-3.90,1.19,247.1296701030901,291.1990124275906
-3.90,1.19,247.34825773195607,291.45979482303136
-3.90,1.19,247.56684536082204,291.7205772184721
-3.90,1.19,247.78543298968802,291.98135961391284
-3.90,1.19,248.004020618554,292.2421420093536
-3.90,1.19,248.22260824741997,292.5029244047943
-3.90,1.19,248.44119587628595,292.76370680023507
-3.90,1.19,248.65978350515192,293.0244891956758
-3.90,1.19,248.8783711340179,293.28527159111655
-3.90,1.19,249.09695876288387,293.5460539865573
-3.90,1.19,249.31554639174985,293.806836381998
-3.90,1.19,249.53413402061582,294.0676187774387
-3.90,1.19,249.7527216494818,294.32840117287947
-3.90,1.19,249.97130927834777,294.5891835683202
-3.90,1.19,250.18989690721375,294.84996596376095
-3.90,1.19,250.40848453607973,295.1107483592017
-3.90,1.19,250.6270721649457,295.37153075464244
-3.90,1.19,250.84565979381168,295.6323131500832
-3.90,1.19,251.06424742267765,295.8930955455239
-3.90,1.19,251.28283505154363,296.15387794096466
-3.90,1.19,251.5014226804096,296.4146603364054
-3.90,1.19,251.72001030927558,296.67544273184615
-3.90,1.19,251.93859793814156,296.93622512728683
-3.90,1.19,252.15718556700753,297.1970075227276
-3.90,1.19,252.3757731958735,297.4577899181683
-3.90,1.19,252.59436082473948,297.71857231360906
-3.90,1.19,252.81294845360546,297.9793547090498
-3.90,1.19,253.03153608247143,298.24013710449054
-3.90,1.19,253.2501237113374,298.5009194999313
-3.90,1.19,253.46871134020338,298.761701895372
-3.90,1.19,253.68729896906936,299.02248429081277
-3.90,1.19,253.90588659793534,299.2832666862535
-3.90,1.19,254.1244742268013,299.54404908169425
-3.90,1.19,254.3430618556673,299.80483147713494
-3.90,1.19,254.56164948453326,300.0656138725757
-3.90,1.19,254.78023711339924,300.3263962680164
-3.90,1.19,254.9988247422652,300.58717866345717
-3.90,1.19,255.2174123711312,300.8479610588979
-3.90,1.19,255.43599999999716,301.10874345433865
-3.90,1.19,255.65458762886314,301.3695258497794
-3.90,1.19,255.87317525772912,301.63030824522014
-3.90,1.19,256.0917628865951,301.8910906406609
-3.90,1.19,256.3103505154611,302.1518730361016
-3.90,1.19,256.52893814432707,302.41265543154236
-3.90,1.19,256.74752577319305,302.6734378269831
-3.90,1.19,256.966113402059,302.93422022242385
-3.90,1.19,257.184701030925,303.1950026178646
-3.90,1.19,257.403288659791,303.45578501330533
-3.90,1.19,257.62187628865695,303.7165674087461
-3.90,1.19,257.8404639175229,303.9773498041868
-3.90,1.19,258.0590515463889,304.23813219962756
-3.90,1.19,258.2776391752549,304.4989145950683
-3.90,1.19,258.49622680412085,304.759696990509
-3.90,1.19,258.7148144329868,305.0204793859497
-3.90,1.19,258.9334020618528,305.28126178139047
-3.90,1.19,259.1519896907188,305.5420441768312
-3.90,1.19,259.37057731958475,305.80282657227195
-3.90,1.19,259.58916494845073,306.0636089677127
-3.90,1.19,259.8077525773167,306.32439136315344
-3.90,1.19,260.0263402061827,306.5851737585942
-3.90,1.19,260.24492783504866,306.8459561540349
-3.90,1.19,260.46351546391463,307.10673854947566
-3.90,1.19,260.6821030927806,307.3675209449164
-3.90,1.19,260.9006907216466,307.62830334035715
-3.90,1.19,261.11927835051256,307.88908573579783
-3.90,1.19,261.33786597937853,308.1498681312386
-3.90,1.19,261.5564536082445,308.4106505266793
-3.90,1.19,261.7750412371105,308.67143292212006
-3.90,1.19,261.99362886597646,308.9322153175608
-3.90,1.19,262.21221649484244,309.19299771300155
-3.90,1.19,262.4308041237084,309.4537801084423
-3.90,1.19,262.6493917525744,309.71456250388303
-3.90,1.19,262.86797938144036,309.9753448993238
-3.90,1.19,263.08656701030634,310.2361272947645
-3.90,1.19,263.3051546391723,310.49690969020526
-3.90,1.19,263.5237422680383,310.757692085646
-3.90,1.19,263.74232989690427,311.0184744810867
-3.90,1.19,263.96091752577024,311.2792568765274
-3.90,1.19,264.1795051546362,311.54003927196817
-3.90,1.19,264.3980927835022,311.8008216674089
-3.90,1.19,264.61668041236817,312.06160406284965
-3.90,1.19,264.83526804123414,312.3223864582904
-3.90,1.19,265.0538556701001,312.58316885373114
-3.90,1.19,265.2724432989661,312.8439512491719
-3.90,1.19,265.49103092783207,313.1047336446126
-3.90,1.19,265.70961855669805,313.36551604005336
-3.90,1.19,265.928206185564,313.6262984354941
-3.90,1.19,266.14679381443,313.8870808309348
-3.90,1.19,266.365381443296,314.14786322637553
-3.90,1.19,266.58396907216195,314.4086456218163
-3.90,1.19,266.8025567010279,314.669428017257
-3.90,1.19,267.0211443298939,314.93021041269776
-3.90,1.19,267.2397319587599,315.1909928081385
-3.90,1.19,267.45831958762585,315.45177520357925
-3.90,1.19,267.6769072164918,315.71255759902
-3.90,1.19,267.8954948453578,315.97333999446073
-3.90,1.19,268.1140824742238,316.2341223899015
-3.90,1.19,268.33267010308975,316.4949047853422
-3.90,1.19,268.55125773195573,316.75568718078296
-3.90,1.19,268.7698453608217,317.01646957622364
-3.90,1.19,268.9884329896877,317.2772519716644
-3.90,1.19,269.20702061855366,317.5380343671051
-3.90,1.19,269.42560824741963,317.79881676254587
-3.90,1.19,269.6441958762856,318.0595991579866
-3.90,1.19,269.8627835051516,318.32038155342735
-3.90,1.19,270.08137113401756,318.5811639488681
-3.90,1.19,270.29995876288353,318.84194634430884
-3.90,1.19,270.5185463917495,319.1027287397496
-3.90,1.19,270.7371340206155,319.3635111351903
-3.90,1.19,270.95572164948146,319.62429353063106
-3.90,1.19,271.17430927834744,319.8850759260718
-3.90,1.19,271.3928969072134,320.1458583215125
-3.90,1.19,271.6114845360794,320.40664071695323
-3.90,1.19,271.83007216494536,320.667423112394
-3.90,1.19,272.04865979381134,320.9282055078347
-3.90,1.19,272.2672474226773,321.18898790327546
-3.90,1.19,272.4858350515433,321.4497702987162
-3.90,1.19,272.70442268040927,321.71055269415695
-3.90,1.19,272.92301030927524,321.9713350895977
-3.90,1.19,273.1415979381412,322.23211748503843
-3.90,1.19,273.3601855670072,322.4928998804792
-3.90,1.19,273.57877319587317,322.7536822759199
-3.90,1.19,273.79736082473914,323.01446467136066
-3.90,1.19,274.0159484536051,323.27524706680134
-3.90,1.19,274.2345360824711,323.5360294622421
-3.90,1.19,274.45312371133707,323.7968118576828
-3.90,1.19,274.67171134020305,324.05759425312357
-3.90,1.19,274.890298969069,324.3183766485643
-3.90,1.19,275.108886597935,324.57915904400505
-3.90,1.19,275.327474226801,324.8399414394458
-3.90,1.19,275.54606185566695,325.10072383488654
-3.90,1.19,275.7646494845329,325.3615062303273
-3.90,1.19,275.9832371133989,325.622288625768
-3.90,1.19,276.2018247422649,325.88307102120876
-3.90,1.19,276.42041237113085,326.14385341664945
-3.90,1.19,276.6389999999968,326.4046358120902
-3.90,1.19,276.8575876288628,326.66541820753093
-3.90,1.19,277.0761752577288,326.9262006029717
-3.90,1.19,277.29476288659475,327.1869829984124
-3.90,1.19,277.51335051546073,327.44776539385316
-3.90,1.19,277.7319381443267,327.7085477892939
-3.90,1.19,277.9505257731927,327.96933018473464
-3.90,1.19,278.16911340205866,328.2301125801754
-3.90,1.19,278.38770103092463,328.49089497561613
-3.90,1.19,278.6062886597906,328.75167737105687
-3.90,1.19,278.8248762886566,329.0124597664976
-3.90,1.19,279.04346391752256,329.2732421619383
-3.90,1.19,279.26205154638853,329.53402455737904
-3.90,1.19,279.4806391752545,329.7948069528198
-3.90,1.19,279.6992268041205,330.0555893482605
-3.90,1.19,279.91781443298646,330.31637174370127
-3.90,1.19,280.13640206185244,330.577154139142
-3.90,1.19,280.3549896907184,330.83793653458275
-3.90,1.19,280.5735773195844,331.0987189300235
-3.90,1.19,280.79216494845036,331.35950132546424
-3.90,1.19,281.01075257731634,331.620283720905
-3.90,1.19,281.2293402061823,331.8810661163457
-3.90,1.19,281.4479278350483,332.14184851178646
-3.90,1.19,281.66651546391427,332.40263090722715
-3.90,1.19,281.88510309278024,332.6634133026679
-3.90,1.19,282.1036907216462,332.92419569810863
-3.90,1.19,282.3222783505122,333.1849780935494
-3.90,1.19,282.54086597937817,333.4457604889901
-3.90,1.19,282.75945360824414,333.70654288443086
-3.90,1.19,282.9780412371101,333.9673252798716
-3.90,1.19,283.1966288659761,334.22810767531234
-3.90,1.19,283.41521649484207,334.4888900707531
-3.90,1.19,283.63380412370805,334.74967246619383
-3.90,1.19,283.852391752574,335.01045486163457
-3.90,1.19,284.07097938144,335.2712372570753
-3.90,1.19,284.289567010306,335.532019652516
-3.90,1.19,284.50815463917195,335.79280204795674
-3.90,1.19,284.7267422680379,336.0535844433975
-3.90,1.19,284.9453298969039,336.3143668388382
-3.90,1.19,285.1639175257699,336.57514923427897
-3.90,1.19,285.38250515463585,336.8359316297197
-3.90,1.19,285.6010927835018,337.09671402516045
-3.90,1.19,285.8196804123678,337.3574964206012
-3.90,1.19,286.0382680412338,337.61827881604194
-3.90,1.19,286.25685567009975,337.8790612114827
-3.90,1.19,286.47544329896573,338.1398436069234
-3.90,1.19,286.6940309278317,338.40062600236416
-3.90,1.19,286.9126185566977,338.66140839780485
-3.90,1.19,287.13120618556366,338.9221907932456
-3.90,1.19,287.34979381442963,339.18297318868633
-3.90,1.19,287.5683814432956,339.4437555841271
-3.90,1.19,287.7869690721616,339.7045379795678
-3.90,1.19,288.00555670102756,339.96532037500856
-3.90,1.19,288.22414432989353,340.2261027704493
-3.90,1.19,288.4427319587595,340.48688516589004
-3.90,1.19,288.6613195876255,340.7476675613308
-3.90,1.19,288.87990721649146,341.0084499567715
-3.90,1.19,289.09849484535744,341.26923235221227
-3.90,1.19,289.3170824742234,341.53001474765296
-3.90,1.19,289.5356701030894,341.7907971430937
-3.90,1.19,289.75425773195536,342.05157953853444
-3.90,1.19,289.97284536082134,342.3123619339752
-3.90,1.19,290.1914329896873,342.5731443294159
-3.90,1.19,290.4100206185533,342.83392672485667
-3.90,1.19,290.62860824741927,343.0947091202974
-3.90,1.19,290.84719587628524,343.35549151573815
-3.90,1.19,291.0657835051512,343.6162739111789
-3.90,1.19,291.2843711340172,343.87705630661964
-3.90,1.19,291.50295876288317,344.1378387020604
-3.90,1.19,291.72154639174914,344.3986210975011
-3.90,1.19,291.9401340206151,344.6594034929418
-3.90,1.19,292.1587216494811,344.92018588838255
-3.90,1.19,292.37730927834707,345.1809682838233
-3.90,1.19,292.59589690721305,345.44175067926403
-3.90,1.19,292.814484536079,345.7025330747048
-3.90,1.19,293.033072164945,345.9633154701455
-3.90,1.19,293.251659793811,346.22409786558626
-3.90,1.19,293.47024742267695,346.484880261027
-3.90,1.19,293.6888350515429,346.74566265646774
-3.90,1.19,293.9074226804089,347.0064450519085
-3.90,1.19,294.1260103092749,347.2672274473492
-3.90,1.19,294.34459793814085,347.52800984278997
-3.90,1.19,294.5631855670068,347.78879223823066
-3.90,1.19,294.7817731958728,348.0495746336714
-3.90,1.19,295.0003608247388,348.31035702911214
-3.90,1.19,295.21894845360475,348.5711394245529
-3.90,1.19,295.43753608247073,348.8319218199936
-3.90,1.19,295.6561237113367,349.09270421543437
-3.90,1.19,295.8747113402027,349.3534866108751
-3.90,1.19,296.09329896906866,349.61426900631585
-3.90,1.19,296.31188659793463,349.8750514017566
-3.90,1.19,296.5304742268006,350.13583379719734
-3.90,1.19,296.7490618556666,350.3966161926381
-3.90,1.19,296.96764948453256,350.6573985880788
-3.90,1.19,297.18623711339853,350.9181809835195
-3.90,1.19,297.4048247422645,351.17896337896025
-3.90,1.19,297.6234123711305,351.439745774401
-3.90,1.19,297.84199999999646,351.70052816984173
-3.90,1.19,298.06058762886244,351.9613105652825
-3.90,1.19,298.2791752577284,352.2220929607232
-3.90,1.19,298.4977628865944,352.48287535616396
-3.90,1.19,298.71635051546036,352.7436577516047
-3.90,1.19,298.93493814432634,353.00444014704544
-3.90,1.19,299.1535257731923,353.2652225424862
-3.90,1.19,299.3721134020583,353.5260049379269
-3.90,1.19,299.59070103092427,353.7867873333676
-3.90,1.19,299.80928865979024,354.04756972880836
-3.90,1.19,300.0278762886562,354.3083521242491
-3.90,1.19,300.2464639175222,354.56913451968984
-3.90,1.19,300.46505154638817,354.8299169151306
-3.90,1.19,300.68363917525414,355.0906993105713
-3.90,1.19,300.9022268041201,355.35148170601207
-3.90,1.19,301.1208144329861,355.6122641014528
-3.90,1.19,301.33940206185207,355.87304649689355
-3.90,1.19,301.55798969071805,356.1338288923343
-3.90,1.19,301.776577319584,356.39461128777504
-3.90,1.19,301.99516494845,356.6553936832158
-3.90,1.19,302.213752577316,356.91617607865646
-3.90,1.19,302.43234020618195,357.1769584740972
-3.90,1.19,302.6509278350479,357.43774086953795
-3.90,1.19,302.8695154639139,357.6985232649787
-3.90,1.19,303.0881030927799,357.95930566041943
-3.90,1.19,303.30669072164585,358.2200880558602
-3.90,1.19,303.5252783505118,358.4808704513009
-3.90,1.19,303.7438659793778,358.74165284674166
-3.90,1.19,303.9624536082438,359.0024352421824
-3.90,1.19,304.18104123710975,359.26321763762314
-3.90,1.19,304.3996288659757,359.5240000330639
-3.90,1.19,304.6182164948417,359.7847824285046
-3.90,1.19,304.8368041237077,360.0455648239453
-3.90,1.19,305.05539175257366,360.30634721938605
-3.90,1.19,305.27397938143963,360.5671296148268
-3.90,1.19,305.4925670103056,360.82791201026754
-3.90,1.19,305.7111546391716,361.0886944057083
-3.90,1.19,305.92974226803756,361.349476801149
-3.90,1.19,306.14832989690353,361.61025919658977
-3.90,1.19,306.3669175257695,361.8710415920305
-3.90,1.19,306.5855051546355,362.13182398747125
-3.90,1.19,306.80409278350146,362.392606382912
-3.90,1.19,307.02268041236744,362.65338877835273
-3.90,1.19,307.2412680412334,362.9141711737935
-3.90,1.19,307.4598556700994,363.17495356923416
-3.90,1.19,307.67844329896536,363.4357359646749
-3.90,1.19,307.89703092783134,363.69651836011565
-3.90,1.19,308.1156185566973,363.9573007555564
-3.90,1.19,308.3342061855633,364.21808315099713
-3.90,1.19,308.55279381442926,364.4788655464379
-3.90,1.19,308.77138144329524,364.7396479418786
-3.90,1.19,308.9899690721612,365.00043033731936
-3.90,1.19,309.2085567010272,365.2612127327601
-3.90,1.19,309.42714432989317,365.52199512820084
-3.90,1.19,309.64573195875914,365.7827775236416
-3.90,1.19,309.8643195876251,366.04355991908227
-3.90,1.19,310.0829072164911,366.304342314523
-3.90,1.19,310.30149484535707,366.56512470996375
-3.90,1.19,310.52008247422305,366.8259071054045
-3.90,1.19,310.738670103089,367.08668950084524
-3.90,1.19,310.957257731955,367.347471896286
-3.90,1.19,311.175845360821,367.6082542917267
-3.90,1.19,311.39443298968695,367.86903668716747
-3.90,1.19,311.6130206185529,368.1298190826082
-3.90,1.19,311.8316082474189,368.39060147804895
-3.90,1.19,312.0501958762849,368.6513838734897
-3.90,1.19,312.26878350515085,368.91216626893043
-3.90,1.19,312.4873711340168,369.1729486643711
-3.90,1.19,312.7059587628828,369.43373105981186
-3.90,1.19,312.9245463917488,369.6945134552526
-3.90,1.19,313.14313402061475,369.95529585069335
-3.90,1.19,313.3617216494807,370.2160782461341
-3.90,1.19,313.5803092783467,370.47686064157483
-3.90,1.19,313.7988969072127,370.7376430370156
-3.90,1.19,314.01748453607865,370.9984254324563
-3.90,1.19,314.23607216494463,371.25920782789706
-3.90,1.19,314.4546597938106,371.5199902233378
-3.90,1.19,314.6732474226766,371.78077261877854
-3.90,1.19,314.89183505154256,372.0415550142193
-3.90,1.19,315.11042268040853,372.30233740965997
-3.90,1.19,315.3290103092745,372.5631198051007
-3.90,1.19,315.5475979381405,372.82390220054145
-3.90,1.19,315.76618556700646,373.0846845959822
-3.90,1.19,315.98477319587244,373.34546699142294
-3.90,1.19,316.2033608247384,373.6062493868637
-3.90,1.19,316.4219484536044,373.8670317823044
-3.90,1.19,316.64053608247036,374.12781417774517
-3.90,1.19,316.85912371133634,374.3885965731859
-3.90,1.19,317.0777113402023,374.64937896862665
-3.90,1.19,317.2962989690683,374.9101613640674
-3.90,1.19,317.51488659793426,375.17094375950813
-3.90,1.19,317.73347422680024,375.4317261549488
-3.90,1.19,317.9520618556662,375.69250855038956
-3.90,1.19,318.1706494845322,375.9532909458303
-3.90,1.19,318.38923711339817,376.21407334127105
-3.90,1.19,318.60782474226414,376.4748557367118
-3.90,1.19,318.8264123711301,376.73563813215253
-3.90,1.19,319.0449999999961,376.9964205275933
-3.90,1.19,319.26358762886207,377.257202923034
-3.90,1.19,319.48217525772804,377.51798531847476
-3.90,1.19,319.700762886594,377.7787677139155
-3.90,1.19,319.91935051546,378.03955010935624
-3.90,1.19,320.137938144326,378.300332504797
-3.90,1.19,320.35652577319195,378.56111490023767
-3.90,1.19,320.5751134020579,378.8218972956784
-3.90,1.19,320.7937010309239,379.08267969111915
-3.90,1.19,321.0122886597899,379.3434620865599
-3.90,1.19,321.23087628865585,379.60424448200064
-3.90,1.19,321.4494639175218,379.8650268774414
-3.90,1.19,321.6680515463878,380.1258092728821
-3.90,1.19,321.8866391752538,380.38659166832286
-3.90,1.19,322.10522680411975,380.6473740637636
-3.90,1.19,322.3238144329857,380.90815645920435
-3.90,1.19,322.5424020618517,381.1689388546451
-3.90,1.19,322.7609896907177,381.4297212500858
-3.90,1.19,322.97957731958365,381.6905036455265
-3.90,1.19,323.19816494844963,381.95128604096726
-3.90,1.19,323.4167525773156,382.212068436408
-3.90,1.19,323.6353402061816,382.47285083184875
-3.90,1.19,323.85392783504756,382.7336332272895
-3.90,1.19,324.07251546391353,382.99441562273023
-3.90,1.19,324.2911030927795,383.255198018171
-3.90,1.19,324.5096907216455,383.5159804136117
-3.90,1.19,324.72827835051146,383.77676280905246
-3.90,1.19,324.94686597937743,384.0375452044932
-3.90,1.19,325.1654536082434,384.29832759993394
-3.90,1.19,325.3840412371094,384.5591099953746
-3.90,1.19,325.60262886597536,384.81989239081537
-3.90,1.19,325.82121649484134,385.0806747862561
-3.90,1.19,326.0398041237073,385.34145718169685
-3.90,1.19,326.2583917525733,385.6022395771376
-3.90,1.19,326.47697938143926,385.86302197257834
-3.90,1.19,326.69556701030524,386.1238043680191
-3.90,1.19,326.9141546391712,386.3845867634598
-3.90,1.19,327.1327422680372,386.64536915890056
-3.90,1.19,327.35132989690317,386.9061515543413
-3.90,1.19,327.56991752576914,387.16693394978205
-3.90,1.19,327.7885051546351,387.4277163452228
-3.90,1.19,328.0070927835011,387.6884987406635
-3.90,1.19,328.22568041236707,387.9492811361042
-3.90,1.19,328.44426804123304,388.21006353154496
-3.90,1.19,328.662855670099,388.4708459269857
-3.90,1.19,328.881443298965,388.73162832242645
-3.90,1.19,329.10003092783097,388.9924107178672
-3.90,1.19,329.31861855669695,389.25319311330793
-3.90,1.19,329.5372061855629,389.5139755087487
-3.90,1.19,329.7557938144289,389.7747579041894
-3.90,1.19,329.9743814432949,390.03554029963016
-3.90,1.19,330.19296907216085,390.2963226950709
-3.90,1.19,330.4115567010268,390.55710509051164
-3.90,1.19,330.6301443298928,390.8178874859523
-3.90,1.19,330.8487319587588,391.07866988139307
-3.90,1.19,331.06731958762475,391.3394522768338
-3.90,1.19,331.2859072164907,391.60023467227455
-3.90,1.19,331.5044948453567,391.8610170677153
-3.90,1.19,331.7230824742227,392.12179946315604
-3.90,1.19,331.94167010308865,392.3825818585968
-3.90,1.19,332.16025773195463,392.6433642540375
-3.90,1.19,332.3788453608206,392.90414664947826
-3.90,1.19,332.5974329896866,393.164929044919
-3.90,1.19,332.81602061855256,393.42571144035975
-3.90,1.19,333.03460824741853,393.68649383580043
-3.90,1.19,333.2531958762845,393.9472762312412
-3.90,1.19,333.4717835051505,394.2080586266819
-3.90,1.19,333.69037113401646,394.46884102212266
-3.90,1.19,333.90895876288243,394.7296234175634
-3.90,1.19,334.1275463917484,394.99040581300414
-3.90,1.19,334.3461340206144,395.2511882084449
-3.90,1.19,334.56472164948036,395.51197060388563
-3.90,1.19,334.78330927834634,395.77275299932637
-3.90,1.19,335.0018969072123,396.0335353947671
-3.90,1.19,335.2204845360783,396.29431779020786
-3.90,1.19,335.43907216494426,396.5551001856486
-3.90,1.19,335.65765979381024,396.8158825810893
-3.90,1.19,335.8762474226762,397.07666497653
-3.90,1.19,336.0948350515422,397.33744737197077
-3.90,1.19,336.31342268040817,397.5982297674115
-3.90,1.19,336.53201030927414,397.85901216285225
-3.90,1.19,336.7505979381401,398.119794558293
-3.90,1.19,336.9691855670061,398.38057695373374
-3.90,1.19,337.18777319587207,398.6413593491745
-3.90,1.19,337.40636082473804,398.9021417446152
-3.90,1.19,337.624948453604,399.16292414005596
-3.90,1.19,337.84353608247,399.4237065354967
-3.90,1.19,338.06212371133597,399.68448893093745
-3.90,1.19,338.28071134020195,399.94527132637813
-3.90,1.19,338.4992989690679,400.2060537218189
-3.90,1.19,338.7178865979339,400.4668361172596
-3.90,1.19,338.9364742267999,400.72761851270036
-3.90,1.19,339.15506185566585,400.9884009081411
-3.90,1.19,339.3736494845318,401.24918330358184
-3.90,1.19,339.5922371133978,401.5099656990226
-3.90,1.19,339.8108247422638,401.77074809446333
-3.90,1.19,340.02941237112975,402.03153048990407
-3.90,1.19,340.2479999999957,402.2923128853448
-3.90,1.19,340.4665876288617,402.55309528078556
-3.90,1.19,340.6851752577277,402.8138776762263
-3.90,1.19,340.90376288659365,403.074660071667
-3.90,1.19,341.12235051545963,403.3354424671077
-3.90,1.19,341.3409381443256,403.59622486254847
-3.90,1.19,341.5595257731916,403.8570072579892
-3.90,1.19,341.77811340205756,404.11778965342995
-3.90,1.19,341.99670103092353,404.3785720488707
-3.90,1.19,342.2152886597895,404.63935444431144
-3.90,1.19,342.4338762886555,404.9001368397522
-3.90,1.19,342.65246391752146,405.1609192351929
-3.90,1.19,342.87105154638743,405.42170163063366
-3.90,1.19,343.0896391752534,405.6824840260744
-3.90,1.19,343.3082268041194,405.9432664215151
-3.90,1.19,343.52681443298536,406.20404881695583
-3.90,1.19,343.74540206185134,406.4648312123966
-3.90,1.19,343.9639896907173,406.7256136078373
-3.90,1.19,344.1825773195833,406.98639600327806
-3.90,1.19,344.40116494844926,407.2471783987188
-3.90,1.19,344.61975257731524,407.50796079415954
-3.90,1.19,344.8383402061812,407.7687431896003
-3.90,1.19,345.0569278350472,408.02952558504103
-3.90,1.19,345.27551546391317,408.29030798048177
-3.90,1.19,345.49410309277914,408.5510903759225
-3.90,1.19,345.7126907216451,408.81187277136326
-3.90,1.19,345.9312783505111,409.07265516680394
-3.90,1.19,346.14986597937707,409.3334375622447
-3.90,1.19,346.36845360824304,409.5942199576854
-3.90,1.19,346.587041237109,409.85500235312617
-3.90,1.19,346.805628865975,410.1157847485669
-3.90,1.19,347.02421649484097,410.37656714400765
-3.90,1.19,347.24280412370695,410.6373495394484
-3.90,1.19,347.4613917525729,410.89813193488914
-3.90,1.19,347.6799793814389,411.1589143303299
-3.90,1.19,347.8985670103049,411.4196967257706
-3.90,1.19,348.11715463917085,411.68047912121136
-3.90,1.19,348.3357422680368,411.9412615166521
-3.90,1.19,348.5543298969028,412.2020439120928
-3.90,1.19,348.7729175257688,412.46282630753353
-3.90,1.19,348.99150515463475,412.7236087029743
-3.90,1.19,349.2100927835007,412.984391098415
-3.90,1.19,349.4286804123667,413.24517349385576
-3.90,1.19,349.6472680412327,413.5059558892965
-3.90,1.19,349.86585567009865,413.76673828473724
